date,date_key,year,quarter,month_number,month_name,year_month,month_start_date,day_of_month,day_name,is_weekend
01-01-2023,20230101,2023,Q1,1,Jan,2023-01,01-01-2023,1,Sunday,1
02-01-2023,20230102,2023,Q1,1,Jan,2023-01,01-01-2023,2,Monday,0
03-01-2023,20230103,2023,Q1,1,Jan,2023-01,01-01-2023,3,Tuesday,0
04-01-2023,20230104,2023,Q1,1,Jan,2023-01,01-01-2023,4,Wednesday,0
05-01-2023,20230105,2023,Q1,1,Jan,2023-01,01-01-2023,5,Thursday,0
06-01-2023,20230106,2023,Q1,1,Jan,2023-01,01-01-2023,6,Friday,0
07-01-2023,20230107,2023,Q1,1,Jan,2023-01,01-01-2023,7,Saturday,1
08-01-2023,20230108,2023,Q1,1,Jan,2023-01,01-01-2023,8,Sunday,1
09-01-2023,20230109,2023,Q1,1,Jan,2023-01,01-01-2023,9,Monday,0
10-01-2023,20230110,2023,Q1,1,Jan,2023-01,01-01-2023,10,Tuesday,0
11-01-2023,20230111,2023,Q1,1,Jan,2023-01,01-01-2023,11,Wednesday,0
12-01-2023,20230112,2023,Q1,1,Jan,2023-01,01-01-2023,12,Thursday,0
13-01-2023,20230113,2023,Q1,1,Jan,2023-01,01-01-2023,13,Friday,0
14-01-2023,20230114,2023,Q1,1,Jan,2023-01,01-01-2023,14,Saturday,1
15-01-2023,20230115,2023,Q1,1,Jan,2023-01,01-01-2023,15,Sunday,1
16-01-2023,20230116,2023,Q1,1,Jan,2023-01,01-01-2023,16,Monday,0
17-01-2023,20230117,2023,Q1,1,Jan,2023-01,01-01-2023,17,Tuesday,0
18-01-2023,20230118,2023,Q1,1,Jan,2023-01,01-01-2023,18,Wednesday,0
19-01-2023,20230119,2023,Q1,1,Jan,2023-01,01-01-2023,19,Thursday,0
20-01-2023,20230120,2023,Q1,1,Jan,2023-01,01-01-2023,20,Friday,0
21-01-2023,20230121,2023,Q1,1,Jan,2023-01,01-01-2023,21,Saturday,1
22-01-2023,20230122,2023,Q1,1,Jan,2023-01,01-01-2023,22,Sunday,1
23-01-2023,20230123,2023,Q1,1,Jan,2023-01,01-01-2023,23,Monday,0
24-01-2023,20230124,2023,Q1,1,Jan,2023-01,01-01-2023,24,Tuesday,0
25-01-2023,20230125,2023,Q1,1,Jan,2023-01,01-01-2023,25,Wednesday,0
26-01-2023,20230126,2023,Q1,1,Jan,2023-01,01-01-2023,26,Thursday,0
27-01-2023,20230127,2023,Q1,1,Jan,2023-01,01-01-2023,27,Friday,0
28-01-2023,20230128,2023,Q1,1,Jan,2023-01,01-01-2023,28,Saturday,1
29-01-2023,20230129,2023,Q1,1,Jan,2023-01,01-01-2023,29,Sunday,1
30-01-2023,20230130,2023,Q1,1,Jan,2023-01,01-01-2023,30,Monday,0
31-01-2023,20230131,2023,Q1,1,Jan,2023-01,01-01-2023,31,Tuesday,0
01-02-2023,20230201,2023,Q1,2,Feb,2023-02,01-02-2023,1,Wednesday,0
02-02-2023,20230202,2023,Q1,2,Feb,2023-02,01-02-2023,2,Thursday,0
03-02-2023,20230203,2023,Q1,2,Feb,2023-02,01-02-2023,3,Friday,0
04-02-2023,20230204,2023,Q1,2,Feb,2023-02,01-02-2023,4,Saturday,1
05-02-2023,20230205,2023,Q1,2,Feb,2023-02,01-02-2023,5,Sunday,1
06-02-2023,20230206,2023,Q1,2,Feb,2023-02,01-02-2023,6,Monday,0
07-02-2023,20230207,2023,Q1,2,Feb,2023-02,01-02-2023,7,Tuesday,0
08-02-2023,20230208,2023,Q1,2,Feb,2023-02,01-02-2023,8,Wednesday,0
09-02-2023,20230209,2023,Q1,2,Feb,2023-02,01-02-2023,9,Thursday,0
10-02-2023,20230210,2023,Q1,2,Feb,2023-02,01-02-2023,10,Friday,0
11-02-2023,20230211,2023,Q1,2,Feb,2023-02,01-02-2023,11,Saturday,1
12-02-2023,20230212,2023,Q1,2,Feb,2023-02,01-02-2023,12,Sunday,1
13-02-2023,20230213,2023,Q1,2,Feb,2023-02,01-02-2023,13,Monday,0
14-02-2023,20230214,2023,Q1,2,Feb,2023-02,01-02-2023,14,Tuesday,0
15-02-2023,20230215,2023,Q1,2,Feb,2023-02,01-02-2023,15,Wednesday,0
16-02-2023,20230216,2023,Q1,2,Feb,2023-02,01-02-2023,16,Thursday,0
17-02-2023,20230217,2023,Q1,2,Feb,2023-02,01-02-2023,17,Friday,0
18-02-2023,20230218,2023,Q1,2,Feb,2023-02,01-02-2023,18,Saturday,1
19-02-2023,20230219,2023,Q1,2,Feb,2023-02,01-02-2023,19,Sunday,1
20-02-2023,20230220,2023,Q1,2,Feb,2023-02,01-02-2023,20,Monday,0
21-02-2023,20230221,2023,Q1,2,Feb,2023-02,01-02-2023,21,Tuesday,0
22-02-2023,20230222,2023,Q1,2,Feb,2023-02,01-02-2023,22,Wednesday,0
23-02-2023,20230223,2023,Q1,2,Feb,2023-02,01-02-2023,23,Thursday,0
24-02-2023,20230224,2023,Q1,2,Feb,2023-02,01-02-2023,24,Friday,0
25-02-2023,20230225,2023,Q1,2,Feb,2023-02,01-02-2023,25,Saturday,1
26-02-2023,20230226,2023,Q1,2,Feb,2023-02,01-02-2023,26,Sunday,1
27-02-2023,20230227,2023,Q1,2,Feb,2023-02,01-02-2023,27,Monday,0
28-02-2023,20230228,2023,Q1,2,Feb,2023-02,01-02-2023,28,Tuesday,0
01-03-2023,20230301,2023,Q1,3,Mar,2023-03,01-03-2023,1,Wednesday,0
02-03-2023,20230302,2023,Q1,3,Mar,2023-03,01-03-2023,2,Thursday,0
03-03-2023,20230303,2023,Q1,3,Mar,2023-03,01-03-2023,3,Friday,0
04-03-2023,20230304,2023,Q1,3,Mar,2023-03,01-03-2023,4,Saturday,1
05-03-2023,20230305,2023,Q1,3,Mar,2023-03,01-03-2023,5,Sunday,1
06-03-2023,20230306,2023,Q1,3,Mar,2023-03,01-03-2023,6,Monday,0
07-03-2023,20230307,2023,Q1,3,Mar,2023-03,01-03-2023,7,Tuesday,0
08-03-2023,20230308,2023,Q1,3,Mar,2023-03,01-03-2023,8,Wednesday,0
09-03-2023,20230309,2023,Q1,3,Mar,2023-03,01-03-2023,9,Thursday,0
10-03-2023,20230310,2023,Q1,3,Mar,2023-03,01-03-2023,10,Friday,0
11-03-2023,20230311,2023,Q1,3,Mar,2023-03,01-03-2023,11,Saturday,1
12-03-2023,20230312,2023,Q1,3,Mar,2023-03,01-03-2023,12,Sunday,1
13-03-2023,20230313,2023,Q1,3,Mar,2023-03,01-03-2023,13,Monday,0
14-03-2023,20230314,2023,Q1,3,Mar,2023-03,01-03-2023,14,Tuesday,0
15-03-2023,20230315,2023,Q1,3,Mar,2023-03,01-03-2023,15,Wednesday,0
16-03-2023,20230316,2023,Q1,3,Mar,2023-03,01-03-2023,16,Thursday,0
17-03-2023,20230317,2023,Q1,3,Mar,2023-03,01-03-2023,17,Friday,0
18-03-2023,20230318,2023,Q1,3,Mar,2023-03,01-03-2023,18,Saturday,1
19-03-2023,20230319,2023,Q1,3,Mar,2023-03,01-03-2023,19,Sunday,1
20-03-2023,20230320,2023,Q1,3,Mar,2023-03,01-03-2023,20,Monday,0
21-03-2023,20230321,2023,Q1,3,Mar,2023-03,01-03-2023,21,Tuesday,0
22-03-2023,20230322,2023,Q1,3,Mar,2023-03,01-03-2023,22,Wednesday,0
23-03-2023,20230323,2023,Q1,3,Mar,2023-03,01-03-2023,23,Thursday,0
24-03-2023,20230324,2023,Q1,3,Mar,2023-03,01-03-2023,24,Friday,0
25-03-2023,20230325,2023,Q1,3,Mar,2023-03,01-03-2023,25,Saturday,1
26-03-2023,20230326,2023,Q1,3,Mar,2023-03,01-03-2023,26,Sunday,1
27-03-2023,20230327,2023,Q1,3,Mar,2023-03,01-03-2023,27,Monday,0
28-03-2023,20230328,2023,Q1,3,Mar,2023-03,01-03-2023,28,Tuesday,0
29-03-2023,20230329,2023,Q1,3,Mar,2023-03,01-03-2023,29,Wednesday,0
30-03-2023,20230330,2023,Q1,3,Mar,2023-03,01-03-2023,30,Thursday,0
31-03-2023,20230331,2023,Q1,3,Mar,2023-03,01-03-2023,31,Friday,0
01-04-2023,20230401,2023,Q2,4,Apr,2023-04,01-04-2023,1,Saturday,1
02-04-2023,20230402,2023,Q2,4,Apr,2023-04,01-04-2023,2,Sunday,1
03-04-2023,20230403,2023,Q2,4,Apr,2023-04,01-04-2023,3,Monday,0
04-04-2023,20230404,2023,Q2,4,Apr,2023-04,01-04-2023,4,Tuesday,0
05-04-2023,20230405,2023,Q2,4,Apr,2023-04,01-04-2023,5,Wednesday,0
06-04-2023,20230406,2023,Q2,4,Apr,2023-04,01-04-2023,6,Thursday,0
07-04-2023,20230407,2023,Q2,4,Apr,2023-04,01-04-2023,7,Friday,0
08-04-2023,20230408,2023,Q2,4,Apr,2023-04,01-04-2023,8,Saturday,1
09-04-2023,20230409,2023,Q2,4,Apr,2023-04,01-04-2023,9,Sunday,1
10-04-2023,20230410,2023,Q2,4,Apr,2023-04,01-04-2023,10,Monday,0
11-04-2023,20230411,2023,Q2,4,Apr,2023-04,01-04-2023,11,Tuesday,0
12-04-2023,20230412,2023,Q2,4,Apr,2023-04,01-04-2023,12,Wednesday,0
13-04-2023,20230413,2023,Q2,4,Apr,2023-04,01-04-2023,13,Thursday,0
14-04-2023,20230414,2023,Q2,4,Apr,2023-04,01-04-2023,14,Friday,0
15-04-2023,20230415,2023,Q2,4,Apr,2023-04,01-04-2023,15,Saturday,1
16-04-2023,20230416,2023,Q2,4,Apr,2023-04,01-04-2023,16,Sunday,1
17-04-2023,20230417,2023,Q2,4,Apr,2023-04,01-04-2023,17,Monday,0
18-04-2023,20230418,2023,Q2,4,Apr,2023-04,01-04-2023,18,Tuesday,0
19-04-2023,20230419,2023,Q2,4,Apr,2023-04,01-04-2023,19,Wednesday,0
20-04-2023,20230420,2023,Q2,4,Apr,2023-04,01-04-2023,20,Thursday,0
21-04-2023,20230421,2023,Q2,4,Apr,2023-04,01-04-2023,21,Friday,0
22-04-2023,20230422,2023,Q2,4,Apr,2023-04,01-04-2023,22,Saturday,1
23-04-2023,20230423,2023,Q2,4,Apr,2023-04,01-04-2023,23,Sunday,1
24-04-2023,20230424,2023,Q2,4,Apr,2023-04,01-04-2023,24,Monday,0
25-04-2023,20230425,2023,Q2,4,Apr,2023-04,01-04-2023,25,Tuesday,0
26-04-2023,20230426,2023,Q2,4,Apr,2023-04,01-04-2023,26,Wednesday,0
27-04-2023,20230427,2023,Q2,4,Apr,2023-04,01-04-2023,27,Thursday,0
28-04-2023,20230428,2023,Q2,4,Apr,2023-04,01-04-2023,28,Friday,0
29-04-2023,20230429,2023,Q2,4,Apr,2023-04,01-04-2023,29,Saturday,1
30-04-2023,20230430,2023,Q2,4,Apr,2023-04,01-04-2023,30,Sunday,1
01-05-2023,20230501,2023,Q2,5,May,2023-05,01-05-2023,1,Monday,0
02-05-2023,20230502,2023,Q2,5,May,2023-05,01-05-2023,2,Tuesday,0
03-05-2023,20230503,2023,Q2,5,May,2023-05,01-05-2023,3,Wednesday,0
04-05-2023,20230504,2023,Q2,5,May,2023-05,01-05-2023,4,Thursday,0
05-05-2023,20230505,2023,Q2,5,May,2023-05,01-05-2023,5,Friday,0
06-05-2023,20230506,2023,Q2,5,May,2023-05,01-05-2023,6,Saturday,1
07-05-2023,20230507,2023,Q2,5,May,2023-05,01-05-2023,7,Sunday,1
08-05-2023,20230508,2023,Q2,5,May,2023-05,01-05-2023,8,Monday,0
09-05-2023,20230509,2023,Q2,5,May,2023-05,01-05-2023,9,Tuesday,0
10-05-2023,20230510,2023,Q2,5,May,2023-05,01-05-2023,10,Wednesday,0
11-05-2023,20230511,2023,Q2,5,May,2023-05,01-05-2023,11,Thursday,0
12-05-2023,20230512,2023,Q2,5,May,2023-05,01-05-2023,12,Friday,0
13-05-2023,20230513,2023,Q2,5,May,2023-05,01-05-2023,13,Saturday,1
14-05-2023,20230514,2023,Q2,5,May,2023-05,01-05-2023,14,Sunday,1
15-05-2023,20230515,2023,Q2,5,May,2023-05,01-05-2023,15,Monday,0
16-05-2023,20230516,2023,Q2,5,May,2023-05,01-05-2023,16,Tuesday,0
17-05-2023,20230517,2023,Q2,5,May,2023-05,01-05-2023,17,Wednesday,0
18-05-2023,20230518,2023,Q2,5,May,2023-05,01-05-2023,18,Thursday,0
19-05-2023,20230519,2023,Q2,5,May,2023-05,01-05-2023,19,Friday,0
20-05-2023,20230520,2023,Q2,5,May,2023-05,01-05-2023,20,Saturday,1
21-05-2023,20230521,2023,Q2,5,May,2023-05,01-05-2023,21,Sunday,1
22-05-2023,20230522,2023,Q2,5,May,2023-05,01-05-2023,22,Monday,0
23-05-2023,20230523,2023,Q2,5,May,2023-05,01-05-2023,23,Tuesday,0
24-05-2023,20230524,2023,Q2,5,May,2023-05,01-05-2023,24,Wednesday,0
25-05-2023,20230525,2023,Q2,5,May,2023-05,01-05-2023,25,Thursday,0
26-05-2023,20230526,2023,Q2,5,May,2023-05,01-05-2023,26,Friday,0
27-05-2023,20230527,2023,Q2,5,May,2023-05,01-05-2023,27,Saturday,1
28-05-2023,20230528,2023,Q2,5,May,2023-05,01-05-2023,28,Sunday,1
29-05-2023,20230529,2023,Q2,5,May,2023-05,01-05-2023,29,Monday,0
30-05-2023,20230530,2023,Q2,5,May,2023-05,01-05-2023,30,Tuesday,0
31-05-2023,20230531,2023,Q2,5,May,2023-05,01-05-2023,31,Wednesday,0
01-06-2023,20230601,2023,Q2,6,Jun,2023-06,01-06-2023,1,Thursday,0
02-06-2023,20230602,2023,Q2,6,Jun,2023-06,01-06-2023,2,Friday,0
03-06-2023,20230603,2023,Q2,6,Jun,2023-06,01-06-2023,3,Saturday,1
04-06-2023,20230604,2023,Q2,6,Jun,2023-06,01-06-2023,4,Sunday,1
05-06-2023,20230605,2023,Q2,6,Jun,2023-06,01-06-2023,5,Monday,0
06-06-2023,20230606,2023,Q2,6,Jun,2023-06,01-06-2023,6,Tuesday,0
07-06-2023,20230607,2023,Q2,6,Jun,2023-06,01-06-2023,7,Wednesday,0
08-06-2023,20230608,2023,Q2,6,Jun,2023-06,01-06-2023,8,Thursday,0
09-06-2023,20230609,2023,Q2,6,Jun,2023-06,01-06-2023,9,Friday,0
10-06-2023,20230610,2023,Q2,6,Jun,2023-06,01-06-2023,10,Saturday,1
11-06-2023,20230611,2023,Q2,6,Jun,2023-06,01-06-2023,11,Sunday,1
12-06-2023,20230612,2023,Q2,6,Jun,2023-06,01-06-2023,12,Monday,0
13-06-2023,20230613,2023,Q2,6,Jun,2023-06,01-06-2023,13,Tuesday,0
14-06-2023,20230614,2023,Q2,6,Jun,2023-06,01-06-2023,14,Wednesday,0
15-06-2023,20230615,2023,Q2,6,Jun,2023-06,01-06-2023,15,Thursday,0
16-06-2023,20230616,2023,Q2,6,Jun,2023-06,01-06-2023,16,Friday,0
17-06-2023,20230617,2023,Q2,6,Jun,2023-06,01-06-2023,17,Saturday,1
18-06-2023,20230618,2023,Q2,6,Jun,2023-06,01-06-2023,18,Sunday,1
19-06-2023,20230619,2023,Q2,6,Jun,2023-06,01-06-2023,19,Monday,0
20-06-2023,20230620,2023,Q2,6,Jun,2023-06,01-06-2023,20,Tuesday,0
21-06-2023,20230621,2023,Q2,6,Jun,2023-06,01-06-2023,21,Wednesday,0
22-06-2023,20230622,2023,Q2,6,Jun,2023-06,01-06-2023,22,Thursday,0
23-06-2023,20230623,2023,Q2,6,Jun,2023-06,01-06-2023,23,Friday,0
24-06-2023,20230624,2023,Q2,6,Jun,2023-06,01-06-2023,24,Saturday,1
25-06-2023,20230625,2023,Q2,6,Jun,2023-06,01-06-2023,25,Sunday,1
26-06-2023,20230626,2023,Q2,6,Jun,2023-06,01-06-2023,26,Monday,0
27-06-2023,20230627,2023,Q2,6,Jun,2023-06,01-06-2023,27,Tuesday,0
28-06-2023,20230628,2023,Q2,6,Jun,2023-06,01-06-2023,28,Wednesday,0
29-06-2023,20230629,2023,Q2,6,Jun,2023-06,01-06-2023,29,Thursday,0
30-06-2023,20230630,2023,Q2,6,Jun,2023-06,01-06-2023,30,Friday,0
01-07-2023,20230701,2023,Q3,7,Jul,2023-07,01-07-2023,1,Saturday,1
02-07-2023,20230702,2023,Q3,7,Jul,2023-07,01-07-2023,2,Sunday,1
03-07-2023,20230703,2023,Q3,7,Jul,2023-07,01-07-2023,3,Monday,0
04-07-2023,20230704,2023,Q3,7,Jul,2023-07,01-07-2023,4,Tuesday,0
05-07-2023,20230705,2023,Q3,7,Jul,2023-07,01-07-2023,5,Wednesday,0
06-07-2023,20230706,2023,Q3,7,Jul,2023-07,01-07-2023,6,Thursday,0
07-07-2023,20230707,2023,Q3,7,Jul,2023-07,01-07-2023,7,Friday,0
08-07-2023,20230708,2023,Q3,7,Jul,2023-07,01-07-2023,8,Saturday,1
09-07-2023,20230709,2023,Q3,7,Jul,2023-07,01-07-2023,9,Sunday,1
10-07-2023,20230710,2023,Q3,7,Jul,2023-07,01-07-2023,10,Monday,0
11-07-2023,20230711,2023,Q3,7,Jul,2023-07,01-07-2023,11,Tuesday,0
12-07-2023,20230712,2023,Q3,7,Jul,2023-07,01-07-2023,12,Wednesday,0
13-07-2023,20230713,2023,Q3,7,Jul,2023-07,01-07-2023,13,Thursday,0
14-07-2023,20230714,2023,Q3,7,Jul,2023-07,01-07-2023,14,Friday,0
15-07-2023,20230715,2023,Q3,7,Jul,2023-07,01-07-2023,15,Saturday,1
16-07-2023,20230716,2023,Q3,7,Jul,2023-07,01-07-2023,16,Sunday,1
17-07-2023,20230717,2023,Q3,7,Jul,2023-07,01-07-2023,17,Monday,0
18-07-2023,20230718,2023,Q3,7,Jul,2023-07,01-07-2023,18,Tuesday,0
19-07-2023,20230719,2023,Q3,7,Jul,2023-07,01-07-2023,19,Wednesday,0
20-07-2023,20230720,2023,Q3,7,Jul,2023-07,01-07-2023,20,Thursday,0
21-07-2023,20230721,2023,Q3,7,Jul,2023-07,01-07-2023,21,Friday,0
22-07-2023,20230722,2023,Q3,7,Jul,2023-07,01-07-2023,22,Saturday,1
23-07-2023,20230723,2023,Q3,7,Jul,2023-07,01-07-2023,23,Sunday,1
24-07-2023,20230724,2023,Q3,7,Jul,2023-07,01-07-2023,24,Monday,0
25-07-2023,20230725,2023,Q3,7,Jul,2023-07,01-07-2023,25,Tuesday,0
26-07-2023,20230726,2023,Q3,7,Jul,2023-07,01-07-2023,26,Wednesday,0
27-07-2023,20230727,2023,Q3,7,Jul,2023-07,01-07-2023,27,Thursday,0
28-07-2023,20230728,2023,Q3,7,Jul,2023-07,01-07-2023,28,Friday,0
29-07-2023,20230729,2023,Q3,7,Jul,2023-07,01-07-2023,29,Saturday,1
30-07-2023,20230730,2023,Q3,7,Jul,2023-07,01-07-2023,30,Sunday,1
31-07-2023,20230731,2023,Q3,7,Jul,2023-07,01-07-2023,31,Monday,0
01-08-2023,20230801,2023,Q3,8,Aug,2023-08,01-08-2023,1,Tuesday,0
02-08-2023,20230802,2023,Q3,8,Aug,2023-08,01-08-2023,2,Wednesday,0
03-08-2023,20230803,2023,Q3,8,Aug,2023-08,01-08-2023,3,Thursday,0
04-08-2023,20230804,2023,Q3,8,Aug,2023-08,01-08-2023,4,Friday,0
05-08-2023,20230805,2023,Q3,8,Aug,2023-08,01-08-2023,5,Saturday,1
06-08-2023,20230806,2023,Q3,8,Aug,2023-08,01-08-2023,6,Sunday,1
07-08-2023,20230807,2023,Q3,8,Aug,2023-08,01-08-2023,7,Monday,0
08-08-2023,20230808,2023,Q3,8,Aug,2023-08,01-08-2023,8,Tuesday,0
09-08-2023,20230809,2023,Q3,8,Aug,2023-08,01-08-2023,9,Wednesday,0
10-08-2023,20230810,2023,Q3,8,Aug,2023-08,01-08-2023,10,Thursday,0
11-08-2023,20230811,2023,Q3,8,Aug,2023-08,01-08-2023,11,Friday,0
12-08-2023,20230812,2023,Q3,8,Aug,2023-08,01-08-2023,12,Saturday,1
13-08-2023,20230813,2023,Q3,8,Aug,2023-08,01-08-2023,13,Sunday,1
14-08-2023,20230814,2023,Q3,8,Aug,2023-08,01-08-2023,14,Monday,0
15-08-2023,20230815,2023,Q3,8,Aug,2023-08,01-08-2023,15,Tuesday,0
16-08-2023,20230816,2023,Q3,8,Aug,2023-08,01-08-2023,16,Wednesday,0
17-08-2023,20230817,2023,Q3,8,Aug,2023-08,01-08-2023,17,Thursday,0
18-08-2023,20230818,2023,Q3,8,Aug,2023-08,01-08-2023,18,Friday,0
19-08-2023,20230819,2023,Q3,8,Aug,2023-08,01-08-2023,19,Saturday,1
20-08-2023,20230820,2023,Q3,8,Aug,2023-08,01-08-2023,20,Sunday,1
21-08-2023,20230821,2023,Q3,8,Aug,2023-08,01-08-2023,21,Monday,0
22-08-2023,20230822,2023,Q3,8,Aug,2023-08,01-08-2023,22,Tuesday,0
23-08-2023,20230823,2023,Q3,8,Aug,2023-08,01-08-2023,23,Wednesday,0
24-08-2023,20230824,2023,Q3,8,Aug,2023-08,01-08-2023,24,Thursday,0
25-08-2023,20230825,2023,Q3,8,Aug,2023-08,01-08-2023,25,Friday,0
26-08-2023,20230826,2023,Q3,8,Aug,2023-08,01-08-2023,26,Saturday,1
27-08-2023,20230827,2023,Q3,8,Aug,2023-08,01-08-2023,27,Sunday,1
28-08-2023,20230828,2023,Q3,8,Aug,2023-08,01-08-2023,28,Monday,0
29-08-2023,20230829,2023,Q3,8,Aug,2023-08,01-08-2023,29,Tuesday,0
30-08-2023,20230830,2023,Q3,8,Aug,2023-08,01-08-2023,30,Wednesday,0
31-08-2023,20230831,2023,Q3,8,Aug,2023-08,01-08-2023,31,Thursday,0
01-09-2023,20230901,2023,Q3,9,Sep,2023-09,01-09-2023,1,Friday,0
02-09-2023,20230902,2023,Q3,9,Sep,2023-09,01-09-2023,2,Saturday,1
03-09-2023,20230903,2023,Q3,9,Sep,2023-09,01-09-2023,3,Sunday,1
04-09-2023,20230904,2023,Q3,9,Sep,2023-09,01-09-2023,4,Monday,0
05-09-2023,20230905,2023,Q3,9,Sep,2023-09,01-09-2023,5,Tuesday,0
06-09-2023,20230906,2023,Q3,9,Sep,2023-09,01-09-2023,6,Wednesday,0
07-09-2023,20230907,2023,Q3,9,Sep,2023-09,01-09-2023,7,Thursday,0
08-09-2023,20230908,2023,Q3,9,Sep,2023-09,01-09-2023,8,Friday,0
09-09-2023,20230909,2023,Q3,9,Sep,2023-09,01-09-2023,9,Saturday,1
10-09-2023,20230910,2023,Q3,9,Sep,2023-09,01-09-2023,10,Sunday,1
11-09-2023,20230911,2023,Q3,9,Sep,2023-09,01-09-2023,11,Monday,0
12-09-2023,20230912,2023,Q3,9,Sep,2023-09,01-09-2023,12,Tuesday,0
13-09-2023,20230913,2023,Q3,9,Sep,2023-09,01-09-2023,13,Wednesday,0
14-09-2023,20230914,2023,Q3,9,Sep,2023-09,01-09-2023,14,Thursday,0
15-09-2023,20230915,2023,Q3,9,Sep,2023-09,01-09-2023,15,Friday,0
16-09-2023,20230916,2023,Q3,9,Sep,2023-09,01-09-2023,16,Saturday,1
17-09-2023,20230917,2023,Q3,9,Sep,2023-09,01-09-2023,17,Sunday,1
18-09-2023,20230918,2023,Q3,9,Sep,2023-09,01-09-2023,18,Monday,0
19-09-2023,20230919,2023,Q3,9,Sep,2023-09,01-09-2023,19,Tuesday,0
20-09-2023,20230920,2023,Q3,9,Sep,2023-09,01-09-2023,20,Wednesday,0
21-09-2023,20230921,2023,Q3,9,Sep,2023-09,01-09-2023,21,Thursday,0
22-09-2023,20230922,2023,Q3,9,Sep,2023-09,01-09-2023,22,Friday,0
23-09-2023,20230923,2023,Q3,9,Sep,2023-09,01-09-2023,23,Saturday,1
24-09-2023,20230924,2023,Q3,9,Sep,2023-09,01-09-2023,24,Sunday,1
25-09-2023,20230925,2023,Q3,9,Sep,2023-09,01-09-2023,25,Monday,0
26-09-2023,20230926,2023,Q3,9,Sep,2023-09,01-09-2023,26,Tuesday,0
27-09-2023,20230927,2023,Q3,9,Sep,2023-09,01-09-2023,27,Wednesday,0
28-09-2023,20230928,2023,Q3,9,Sep,2023-09,01-09-2023,28,Thursday,0
29-09-2023,20230929,2023,Q3,9,Sep,2023-09,01-09-2023,29,Friday,0
30-09-2023,20230930,2023,Q3,9,Sep,2023-09,01-09-2023,30,Saturday,1
01-10-2023,20231001,2023,Q4,10,Oct,2023-10,01-10-2023,1,Sunday,1
02-10-2023,20231002,2023,Q4,10,Oct,2023-10,01-10-2023,2,Monday,0
03-10-2023,20231003,2023,Q4,10,Oct,2023-10,01-10-2023,3,Tuesday,0
04-10-2023,20231004,2023,Q4,10,Oct,2023-10,01-10-2023,4,Wednesday,0
05-10-2023,20231005,2023,Q4,10,Oct,2023-10,01-10-2023,5,Thursday,0
06-10-2023,20231006,2023,Q4,10,Oct,2023-10,01-10-2023,6,Friday,0
07-10-2023,20231007,2023,Q4,10,Oct,2023-10,01-10-2023,7,Saturday,1
08-10-2023,20231008,2023,Q4,10,Oct,2023-10,01-10-2023,8,Sunday,1
09-10-2023,20231009,2023,Q4,10,Oct,2023-10,01-10-2023,9,Monday,0
10-10-2023,20231010,2023,Q4,10,Oct,2023-10,01-10-2023,10,Tuesday,0
11-10-2023,20231011,2023,Q4,10,Oct,2023-10,01-10-2023,11,Wednesday,0
12-10-2023,20231012,2023,Q4,10,Oct,2023-10,01-10-2023,12,Thursday,0
13-10-2023,20231013,2023,Q4,10,Oct,2023-10,01-10-2023,13,Friday,0
14-10-2023,20231014,2023,Q4,10,Oct,2023-10,01-10-2023,14,Saturday,1
15-10-2023,20231015,2023,Q4,10,Oct,2023-10,01-10-2023,15,Sunday,1
16-10-2023,20231016,2023,Q4,10,Oct,2023-10,01-10-2023,16,Monday,0
17-10-2023,20231017,2023,Q4,10,Oct,2023-10,01-10-2023,17,Tuesday,0
18-10-2023,20231018,2023,Q4,10,Oct,2023-10,01-10-2023,18,Wednesday,0
19-10-2023,20231019,2023,Q4,10,Oct,2023-10,01-10-2023,19,Thursday,0
20-10-2023,20231020,2023,Q4,10,Oct,2023-10,01-10-2023,20,Friday,0
21-10-2023,20231021,2023,Q4,10,Oct,2023-10,01-10-2023,21,Saturday,1
22-10-2023,20231022,2023,Q4,10,Oct,2023-10,01-10-2023,22,Sunday,1
23-10-2023,20231023,2023,Q4,10,Oct,2023-10,01-10-2023,23,Monday,0
24-10-2023,20231024,2023,Q4,10,Oct,2023-10,01-10-2023,24,Tuesday,0
25-10-2023,20231025,2023,Q4,10,Oct,2023-10,01-10-2023,25,Wednesday,0
26-10-2023,20231026,2023,Q4,10,Oct,2023-10,01-10-2023,26,Thursday,0
27-10-2023,20231027,2023,Q4,10,Oct,2023-10,01-10-2023,27,Friday,0
28-10-2023,20231028,2023,Q4,10,Oct,2023-10,01-10-2023,28,Saturday,1
29-10-2023,20231029,2023,Q4,10,Oct,2023-10,01-10-2023,29,Sunday,1
30-10-2023,20231030,2023,Q4,10,Oct,2023-10,01-10-2023,30,Monday,0
31-10-2023,20231031,2023,Q4,10,Oct,2023-10,01-10-2023,31,Tuesday,0
01-11-2023,20231101,2023,Q4,11,Nov,2023-11,01-11-2023,1,Wednesday,0
02-11-2023,20231102,2023,Q4,11,Nov,2023-11,01-11-2023,2,Thursday,0
03-11-2023,20231103,2023,Q4,11,Nov,2023-11,01-11-2023,3,Friday,0
04-11-2023,20231104,2023,Q4,11,Nov,2023-11,01-11-2023,4,Saturday,1
05-11-2023,20231105,2023,Q4,11,Nov,2023-11,01-11-2023,5,Sunday,1
06-11-2023,20231106,2023,Q4,11,Nov,2023-11,01-11-2023,6,Monday,0
07-11-2023,20231107,2023,Q4,11,Nov,2023-11,01-11-2023,7,Tuesday,0
08-11-2023,20231108,2023,Q4,11,Nov,2023-11,01-11-2023,8,Wednesday,0
09-11-2023,20231109,2023,Q4,11,Nov,2023-11,01-11-2023,9,Thursday,0
10-11-2023,20231110,2023,Q4,11,Nov,2023-11,01-11-2023,10,Friday,0
11-11-2023,20231111,2023,Q4,11,Nov,2023-11,01-11-2023,11,Saturday,1
12-11-2023,20231112,2023,Q4,11,Nov,2023-11,01-11-2023,12,Sunday,1
13-11-2023,20231113,2023,Q4,11,Nov,2023-11,01-11-2023,13,Monday,0
14-11-2023,20231114,2023,Q4,11,Nov,2023-11,01-11-2023,14,Tuesday,0
15-11-2023,20231115,2023,Q4,11,Nov,2023-11,01-11-2023,15,Wednesday,0
16-11-2023,20231116,2023,Q4,11,Nov,2023-11,01-11-2023,16,Thursday,0
17-11-2023,20231117,2023,Q4,11,Nov,2023-11,01-11-2023,17,Friday,0
18-11-2023,20231118,2023,Q4,11,Nov,2023-11,01-11-2023,18,Saturday,1
19-11-2023,20231119,2023,Q4,11,Nov,2023-11,01-11-2023,19,Sunday,1
20-11-2023,20231120,2023,Q4,11,Nov,2023-11,01-11-2023,20,Monday,0
21-11-2023,20231121,2023,Q4,11,Nov,2023-11,01-11-2023,21,Tuesday,0
22-11-2023,20231122,2023,Q4,11,Nov,2023-11,01-11-2023,22,Wednesday,0
23-11-2023,20231123,2023,Q4,11,Nov,2023-11,01-11-2023,23,Thursday,0
24-11-2023,20231124,2023,Q4,11,Nov,2023-11,01-11-2023,24,Friday,0
25-11-2023,20231125,2023,Q4,11,Nov,2023-11,01-11-2023,25,Saturday,1
26-11-2023,20231126,2023,Q4,11,Nov,2023-11,01-11-2023,26,Sunday,1
27-11-2023,20231127,2023,Q4,11,Nov,2023-11,01-11-2023,27,Monday,0
28-11-2023,20231128,2023,Q4,11,Nov,2023-11,01-11-2023,28,Tuesday,0
29-11-2023,20231129,2023,Q4,11,Nov,2023-11,01-11-2023,29,Wednesday,0
30-11-2023,20231130,2023,Q4,11,Nov,2023-11,01-11-2023,30,Thursday,0
01-12-2023,20231201,2023,Q4,12,Dec,2023-12,01-12-2023,1,Friday,0
02-12-2023,20231202,2023,Q4,12,Dec,2023-12,01-12-2023,2,Saturday,1
03-12-2023,20231203,2023,Q4,12,Dec,2023-12,01-12-2023,3,Sunday,1
04-12-2023,20231204,2023,Q4,12,Dec,2023-12,01-12-2023,4,Monday,0
05-12-2023,20231205,2023,Q4,12,Dec,2023-12,01-12-2023,5,Tuesday,0
06-12-2023,20231206,2023,Q4,12,Dec,2023-12,01-12-2023,6,Wednesday,0
07-12-2023,20231207,2023,Q4,12,Dec,2023-12,01-12-2023,7,Thursday,0
08-12-2023,20231208,2023,Q4,12,Dec,2023-12,01-12-2023,8,Friday,0
09-12-2023,20231209,2023,Q4,12,Dec,2023-12,01-12-2023,9,Saturday,1
10-12-2023,20231210,2023,Q4,12,Dec,2023-12,01-12-2023,10,Sunday,1
11-12-2023,20231211,2023,Q4,12,Dec,2023-12,01-12-2023,11,Monday,0
12-12-2023,20231212,2023,Q4,12,Dec,2023-12,01-12-2023,12,Tuesday,0
13-12-2023,20231213,2023,Q4,12,Dec,2023-12,01-12-2023,13,Wednesday,0
14-12-2023,20231214,2023,Q4,12,Dec,2023-12,01-12-2023,14,Thursday,0
15-12-2023,20231215,2023,Q4,12,Dec,2023-12,01-12-2023,15,Friday,0
16-12-2023,20231216,2023,Q4,12,Dec,2023-12,01-12-2023,16,Saturday,1
17-12-2023,20231217,2023,Q4,12,Dec,2023-12,01-12-2023,17,Sunday,1
18-12-2023,20231218,2023,Q4,12,Dec,2023-12,01-12-2023,18,Monday,0
19-12-2023,20231219,2023,Q4,12,Dec,2023-12,01-12-2023,19,Tuesday,0
20-12-2023,20231220,2023,Q4,12,Dec,2023-12,01-12-2023,20,Wednesday,0
21-12-2023,20231221,2023,Q4,12,Dec,2023-12,01-12-2023,21,Thursday,0
22-12-2023,20231222,2023,Q4,12,Dec,2023-12,01-12-2023,22,Friday,0
23-12-2023,20231223,2023,Q4,12,Dec,2023-12,01-12-2023,23,Saturday,1
24-12-2023,20231224,2023,Q4,12,Dec,2023-12,01-12-2023,24,Sunday,1
25-12-2023,20231225,2023,Q4,12,Dec,2023-12,01-12-2023,25,Monday,0
26-12-2023,20231226,2023,Q4,12,Dec,2023-12,01-12-2023,26,Tuesday,0
27-12-2023,20231227,2023,Q4,12,Dec,2023-12,01-12-2023,27,Wednesday,0
28-12-2023,20231228,2023,Q4,12,Dec,2023-12,01-12-2023,28,Thursday,0
29-12-2023,20231229,2023,Q4,12,Dec,2023-12,01-12-2023,29,Friday,0
30-12-2023,20231230,2023,Q4,12,Dec,2023-12,01-12-2023,30,Saturday,1
31-12-2023,20231231,2023,Q4,12,Dec,2023-12,01-12-2023,31,Sunday,1
01-01-2024,20240101,2024,Q1,1,Jan,2024-01,01-01-2024,1,Monday,0
02-01-2024,20240102,2024,Q1,1,Jan,2024-01,01-01-2024,2,Tuesday,0
03-01-2024,20240103,2024,Q1,1,Jan,2024-01,01-01-2024,3,Wednesday,0
04-01-2024,20240104,2024,Q1,1,Jan,2024-01,01-01-2024,4,Thursday,0
05-01-2024,20240105,2024,Q1,1,Jan,2024-01,01-01-2024,5,Friday,0
06-01-2024,20240106,2024,Q1,1,Jan,2024-01,01-01-2024,6,Saturday,1
07-01-2024,20240107,2024,Q1,1,Jan,2024-01,01-01-2024,7,Sunday,1
08-01-2024,20240108,2024,Q1,1,Jan,2024-01,01-01-2024,8,Monday,0
09-01-2024,20240109,2024,Q1,1,Jan,2024-01,01-01-2024,9,Tuesday,0
10-01-2024,20240110,2024,Q1,1,Jan,2024-01,01-01-2024,10,Wednesday,0
11-01-2024,20240111,2024,Q1,1,Jan,2024-01,01-01-2024,11,Thursday,0
12-01-2024,20240112,2024,Q1,1,Jan,2024-01,01-01-2024,12,Friday,0
13-01-2024,20240113,2024,Q1,1,Jan,2024-01,01-01-2024,13,Saturday,1
14-01-2024,20240114,2024,Q1,1,Jan,2024-01,01-01-2024,14,Sunday,1
15-01-2024,20240115,2024,Q1,1,Jan,2024-01,01-01-2024,15,Monday,0
16-01-2024,20240116,2024,Q1,1,Jan,2024-01,01-01-2024,16,Tuesday,0
17-01-2024,20240117,2024,Q1,1,Jan,2024-01,01-01-2024,17,Wednesday,0
18-01-2024,20240118,2024,Q1,1,Jan,2024-01,01-01-2024,18,Thursday,0
19-01-2024,20240119,2024,Q1,1,Jan,2024-01,01-01-2024,19,Friday,0
20-01-2024,20240120,2024,Q1,1,Jan,2024-01,01-01-2024,20,Saturday,1
21-01-2024,20240121,2024,Q1,1,Jan,2024-01,01-01-2024,21,Sunday,1
22-01-2024,20240122,2024,Q1,1,Jan,2024-01,01-01-2024,22,Monday,0
23-01-2024,20240123,2024,Q1,1,Jan,2024-01,01-01-2024,23,Tuesday,0
24-01-2024,20240124,2024,Q1,1,Jan,2024-01,01-01-2024,24,Wednesday,0
25-01-2024,20240125,2024,Q1,1,Jan,2024-01,01-01-2024,25,Thursday,0
26-01-2024,20240126,2024,Q1,1,Jan,2024-01,01-01-2024,26,Friday,0
27-01-2024,20240127,2024,Q1,1,Jan,2024-01,01-01-2024,27,Saturday,1
28-01-2024,20240128,2024,Q1,1,Jan,2024-01,01-01-2024,28,Sunday,1
29-01-2024,20240129,2024,Q1,1,Jan,2024-01,01-01-2024,29,Monday,0
30-01-2024,20240130,2024,Q1,1,Jan,2024-01,01-01-2024,30,Tuesday,0
31-01-2024,20240131,2024,Q1,1,Jan,2024-01,01-01-2024,31,Wednesday,0
01-02-2024,20240201,2024,Q1,2,Feb,2024-02,01-02-2024,1,Thursday,0
02-02-2024,20240202,2024,Q1,2,Feb,2024-02,01-02-2024,2,Friday,0
03-02-2024,20240203,2024,Q1,2,Feb,2024-02,01-02-2024,3,Saturday,1
04-02-2024,20240204,2024,Q1,2,Feb,2024-02,01-02-2024,4,Sunday,1
05-02-2024,20240205,2024,Q1,2,Feb,2024-02,01-02-2024,5,Monday,0
06-02-2024,20240206,2024,Q1,2,Feb,2024-02,01-02-2024,6,Tuesday,0
07-02-2024,20240207,2024,Q1,2,Feb,2024-02,01-02-2024,7,Wednesday,0
08-02-2024,20240208,2024,Q1,2,Feb,2024-02,01-02-2024,8,Thursday,0
09-02-2024,20240209,2024,Q1,2,Feb,2024-02,01-02-2024,9,Friday,0
10-02-2024,20240210,2024,Q1,2,Feb,2024-02,01-02-2024,10,Saturday,1
11-02-2024,20240211,2024,Q1,2,Feb,2024-02,01-02-2024,11,Sunday,1
12-02-2024,20240212,2024,Q1,2,Feb,2024-02,01-02-2024,12,Monday,0
13-02-2024,20240213,2024,Q1,2,Feb,2024-02,01-02-2024,13,Tuesday,0
14-02-2024,20240214,2024,Q1,2,Feb,2024-02,01-02-2024,14,Wednesday,0
15-02-2024,20240215,2024,Q1,2,Feb,2024-02,01-02-2024,15,Thursday,0
16-02-2024,20240216,2024,Q1,2,Feb,2024-02,01-02-2024,16,Friday,0
17-02-2024,20240217,2024,Q1,2,Feb,2024-02,01-02-2024,17,Saturday,1
18-02-2024,20240218,2024,Q1,2,Feb,2024-02,01-02-2024,18,Sunday,1
19-02-2024,20240219,2024,Q1,2,Feb,2024-02,01-02-2024,19,Monday,0
20-02-2024,20240220,2024,Q1,2,Feb,2024-02,01-02-2024,20,Tuesday,0
21-02-2024,20240221,2024,Q1,2,Feb,2024-02,01-02-2024,21,Wednesday,0
22-02-2024,20240222,2024,Q1,2,Feb,2024-02,01-02-2024,22,Thursday,0
23-02-2024,20240223,2024,Q1,2,Feb,2024-02,01-02-2024,23,Friday,0
24-02-2024,20240224,2024,Q1,2,Feb,2024-02,01-02-2024,24,Saturday,1
25-02-2024,20240225,2024,Q1,2,Feb,2024-02,01-02-2024,25,Sunday,1
26-02-2024,20240226,2024,Q1,2,Feb,2024-02,01-02-2024,26,Monday,0
27-02-2024,20240227,2024,Q1,2,Feb,2024-02,01-02-2024,27,Tuesday,0
28-02-2024,20240228,2024,Q1,2,Feb,2024-02,01-02-2024,28,Wednesday,0
29-02-2024,20240229,2024,Q1,2,Feb,2024-02,01-02-2024,29,Thursday,0
01-03-2024,20240301,2024,Q1,3,Mar,2024-03,01-03-2024,1,Friday,0
02-03-2024,20240302,2024,Q1,3,Mar,2024-03,01-03-2024,2,Saturday,1
03-03-2024,20240303,2024,Q1,3,Mar,2024-03,01-03-2024,3,Sunday,1
04-03-2024,20240304,2024,Q1,3,Mar,2024-03,01-03-2024,4,Monday,0
05-03-2024,20240305,2024,Q1,3,Mar,2024-03,01-03-2024,5,Tuesday,0
06-03-2024,20240306,2024,Q1,3,Mar,2024-03,01-03-2024,6,Wednesday,0
07-03-2024,20240307,2024,Q1,3,Mar,2024-03,01-03-2024,7,Thursday,0
08-03-2024,20240308,2024,Q1,3,Mar,2024-03,01-03-2024,8,Friday,0
09-03-2024,20240309,2024,Q1,3,Mar,2024-03,01-03-2024,9,Saturday,1
10-03-2024,20240310,2024,Q1,3,Mar,2024-03,01-03-2024,10,Sunday,1
11-03-2024,20240311,2024,Q1,3,Mar,2024-03,01-03-2024,11,Monday,0
12-03-2024,20240312,2024,Q1,3,Mar,2024-03,01-03-2024,12,Tuesday,0
13-03-2024,20240313,2024,Q1,3,Mar,2024-03,01-03-2024,13,Wednesday,0
14-03-2024,20240314,2024,Q1,3,Mar,2024-03,01-03-2024,14,Thursday,0
15-03-2024,20240315,2024,Q1,3,Mar,2024-03,01-03-2024,15,Friday,0
16-03-2024,20240316,2024,Q1,3,Mar,2024-03,01-03-2024,16,Saturday,1
17-03-2024,20240317,2024,Q1,3,Mar,2024-03,01-03-2024,17,Sunday,1
18-03-2024,20240318,2024,Q1,3,Mar,2024-03,01-03-2024,18,Monday,0
19-03-2024,20240319,2024,Q1,3,Mar,2024-03,01-03-2024,19,Tuesday,0
20-03-2024,20240320,2024,Q1,3,Mar,2024-03,01-03-2024,20,Wednesday,0
21-03-2024,20240321,2024,Q1,3,Mar,2024-03,01-03-2024,21,Thursday,0
22-03-2024,20240322,2024,Q1,3,Mar,2024-03,01-03-2024,22,Friday,0
23-03-2024,20240323,2024,Q1,3,Mar,2024-03,01-03-2024,23,Saturday,1
24-03-2024,20240324,2024,Q1,3,Mar,2024-03,01-03-2024,24,Sunday,1
25-03-2024,20240325,2024,Q1,3,Mar,2024-03,01-03-2024,25,Monday,0
26-03-2024,20240326,2024,Q1,3,Mar,2024-03,01-03-2024,26,Tuesday,0
27-03-2024,20240327,2024,Q1,3,Mar,2024-03,01-03-2024,27,Wednesday,0
28-03-2024,20240328,2024,Q1,3,Mar,2024-03,01-03-2024,28,Thursday,0
29-03-2024,20240329,2024,Q1,3,Mar,2024-03,01-03-2024,29,Friday,0
30-03-2024,20240330,2024,Q1,3,Mar,2024-03,01-03-2024,30,Saturday,1
31-03-2024,20240331,2024,Q1,3,Mar,2024-03,01-03-2024,31,Sunday,1
01-04-2024,20240401,2024,Q2,4,Apr,2024-04,01-04-2024,1,Monday,0
02-04-2024,20240402,2024,Q2,4,Apr,2024-04,01-04-2024,2,Tuesday,0
03-04-2024,20240403,2024,Q2,4,Apr,2024-04,01-04-2024,3,Wednesday,0
04-04-2024,20240404,2024,Q2,4,Apr,2024-04,01-04-2024,4,Thursday,0
05-04-2024,20240405,2024,Q2,4,Apr,2024-04,01-04-2024,5,Friday,0
06-04-2024,20240406,2024,Q2,4,Apr,2024-04,01-04-2024,6,Saturday,1
07-04-2024,20240407,2024,Q2,4,Apr,2024-04,01-04-2024,7,Sunday,1
08-04-2024,20240408,2024,Q2,4,Apr,2024-04,01-04-2024,8,Monday,0
09-04-2024,20240409,2024,Q2,4,Apr,2024-04,01-04-2024,9,Tuesday,0
10-04-2024,20240410,2024,Q2,4,Apr,2024-04,01-04-2024,10,Wednesday,0
11-04-2024,20240411,2024,Q2,4,Apr,2024-04,01-04-2024,11,Thursday,0
12-04-2024,20240412,2024,Q2,4,Apr,2024-04,01-04-2024,12,Friday,0
13-04-2024,20240413,2024,Q2,4,Apr,2024-04,01-04-2024,13,Saturday,1
14-04-2024,20240414,2024,Q2,4,Apr,2024-04,01-04-2024,14,Sunday,1
15-04-2024,20240415,2024,Q2,4,Apr,2024-04,01-04-2024,15,Monday,0
16-04-2024,20240416,2024,Q2,4,Apr,2024-04,01-04-2024,16,Tuesday,0
17-04-2024,20240417,2024,Q2,4,Apr,2024-04,01-04-2024,17,Wednesday,0
18-04-2024,20240418,2024,Q2,4,Apr,2024-04,01-04-2024,18,Thursday,0
19-04-2024,20240419,2024,Q2,4,Apr,2024-04,01-04-2024,19,Friday,0
20-04-2024,20240420,2024,Q2,4,Apr,2024-04,01-04-2024,20,Saturday,1
21-04-2024,20240421,2024,Q2,4,Apr,2024-04,01-04-2024,21,Sunday,1
22-04-2024,20240422,2024,Q2,4,Apr,2024-04,01-04-2024,22,Monday,0
23-04-2024,20240423,2024,Q2,4,Apr,2024-04,01-04-2024,23,Tuesday,0
24-04-2024,20240424,2024,Q2,4,Apr,2024-04,01-04-2024,24,Wednesday,0
25-04-2024,20240425,2024,Q2,4,Apr,2024-04,01-04-2024,25,Thursday,0
26-04-2024,20240426,2024,Q2,4,Apr,2024-04,01-04-2024,26,Friday,0
27-04-2024,20240427,2024,Q2,4,Apr,2024-04,01-04-2024,27,Saturday,1
28-04-2024,20240428,2024,Q2,4,Apr,2024-04,01-04-2024,28,Sunday,1
29-04-2024,20240429,2024,Q2,4,Apr,2024-04,01-04-2024,29,Monday,0
30-04-2024,20240430,2024,Q2,4,Apr,2024-04,01-04-2024,30,Tuesday,0
01-05-2024,20240501,2024,Q2,5,May,2024-05,01-05-2024,1,Wednesday,0
02-05-2024,20240502,2024,Q2,5,May,2024-05,01-05-2024,2,Thursday,0
03-05-2024,20240503,2024,Q2,5,May,2024-05,01-05-2024,3,Friday,0
04-05-2024,20240504,2024,Q2,5,May,2024-05,01-05-2024,4,Saturday,1
05-05-2024,20240505,2024,Q2,5,May,2024-05,01-05-2024,5,Sunday,1
06-05-2024,20240506,2024,Q2,5,May,2024-05,01-05-2024,6,Monday,0
07-05-2024,20240507,2024,Q2,5,May,2024-05,01-05-2024,7,Tuesday,0
08-05-2024,20240508,2024,Q2,5,May,2024-05,01-05-2024,8,Wednesday,0
09-05-2024,20240509,2024,Q2,5,May,2024-05,01-05-2024,9,Thursday,0
10-05-2024,20240510,2024,Q2,5,May,2024-05,01-05-2024,10,Friday,0
11-05-2024,20240511,2024,Q2,5,May,2024-05,01-05-2024,11,Saturday,1
12-05-2024,20240512,2024,Q2,5,May,2024-05,01-05-2024,12,Sunday,1
13-05-2024,20240513,2024,Q2,5,May,2024-05,01-05-2024,13,Monday,0
14-05-2024,20240514,2024,Q2,5,May,2024-05,01-05-2024,14,Tuesday,0
15-05-2024,20240515,2024,Q2,5,May,2024-05,01-05-2024,15,Wednesday,0
16-05-2024,20240516,2024,Q2,5,May,2024-05,01-05-2024,16,Thursday,0
17-05-2024,20240517,2024,Q2,5,May,2024-05,01-05-2024,17,Friday,0
18-05-2024,20240518,2024,Q2,5,May,2024-05,01-05-2024,18,Saturday,1
19-05-2024,20240519,2024,Q2,5,May,2024-05,01-05-2024,19,Sunday,1
20-05-2024,20240520,2024,Q2,5,May,2024-05,01-05-2024,20,Monday,0
21-05-2024,20240521,2024,Q2,5,May,2024-05,01-05-2024,21,Tuesday,0
22-05-2024,20240522,2024,Q2,5,May,2024-05,01-05-2024,22,Wednesday,0
23-05-2024,20240523,2024,Q2,5,May,2024-05,01-05-2024,23,Thursday,0
24-05-2024,20240524,2024,Q2,5,May,2024-05,01-05-2024,24,Friday,0
25-05-2024,20240525,2024,Q2,5,May,2024-05,01-05-2024,25,Saturday,1
26-05-2024,20240526,2024,Q2,5,May,2024-05,01-05-2024,26,Sunday,1
27-05-2024,20240527,2024,Q2,5,May,2024-05,01-05-2024,27,Monday,0
28-05-2024,20240528,2024,Q2,5,May,2024-05,01-05-2024,28,Tuesday,0
29-05-2024,20240529,2024,Q2,5,May,2024-05,01-05-2024,29,Wednesday,0
30-05-2024,20240530,2024,Q2,5,May,2024-05,01-05-2024,30,Thursday,0
31-05-2024,20240531,2024,Q2,5,May,2024-05,01-05-2024,31,Friday,0
01-06-2024,20240601,2024,Q2,6,Jun,2024-06,01-06-2024,1,Saturday,1
02-06-2024,20240602,2024,Q2,6,Jun,2024-06,01-06-2024,2,Sunday,1
03-06-2024,20240603,2024,Q2,6,Jun,2024-06,01-06-2024,3,Monday,0
04-06-2024,20240604,2024,Q2,6,Jun,2024-06,01-06-2024,4,Tuesday,0
05-06-2024,20240605,2024,Q2,6,Jun,2024-06,01-06-2024,5,Wednesday,0
06-06-2024,20240606,2024,Q2,6,Jun,2024-06,01-06-2024,6,Thursday,0
07-06-2024,20240607,2024,Q2,6,Jun,2024-06,01-06-2024,7,Friday,0
08-06-2024,20240608,2024,Q2,6,Jun,2024-06,01-06-2024,8,Saturday,1
09-06-2024,20240609,2024,Q2,6,Jun,2024-06,01-06-2024,9,Sunday,1
10-06-2024,20240610,2024,Q2,6,Jun,2024-06,01-06-2024,10,Monday,0
11-06-2024,20240611,2024,Q2,6,Jun,2024-06,01-06-2024,11,Tuesday,0
12-06-2024,20240612,2024,Q2,6,Jun,2024-06,01-06-2024,12,Wednesday,0
13-06-2024,20240613,2024,Q2,6,Jun,2024-06,01-06-2024,13,Thursday,0
14-06-2024,20240614,2024,Q2,6,Jun,2024-06,01-06-2024,14,Friday,0
15-06-2024,20240615,2024,Q2,6,Jun,2024-06,01-06-2024,15,Saturday,1
16-06-2024,20240616,2024,Q2,6,Jun,2024-06,01-06-2024,16,Sunday,1
17-06-2024,20240617,2024,Q2,6,Jun,2024-06,01-06-2024,17,Monday,0
18-06-2024,20240618,2024,Q2,6,Jun,2024-06,01-06-2024,18,Tuesday,0
19-06-2024,20240619,2024,Q2,6,Jun,2024-06,01-06-2024,19,Wednesday,0
20-06-2024,20240620,2024,Q2,6,Jun,2024-06,01-06-2024,20,Thursday,0
21-06-2024,20240621,2024,Q2,6,Jun,2024-06,01-06-2024,21,Friday,0
22-06-2024,20240622,2024,Q2,6,Jun,2024-06,01-06-2024,22,Saturday,1
23-06-2024,20240623,2024,Q2,6,Jun,2024-06,01-06-2024,23,Sunday,1
24-06-2024,20240624,2024,Q2,6,Jun,2024-06,01-06-2024,24,Monday,0
25-06-2024,20240625,2024,Q2,6,Jun,2024-06,01-06-2024,25,Tuesday,0
26-06-2024,20240626,2024,Q2,6,Jun,2024-06,01-06-2024,26,Wednesday,0
27-06-2024,20240627,2024,Q2,6,Jun,2024-06,01-06-2024,27,Thursday,0
28-06-2024,20240628,2024,Q2,6,Jun,2024-06,01-06-2024,28,Friday,0
29-06-2024,20240629,2024,Q2,6,Jun,2024-06,01-06-2024,29,Saturday,1
30-06-2024,20240630,2024,Q2,6,Jun,2024-06,01-06-2024,30,Sunday,1
01-07-2024,20240701,2024,Q3,7,Jul,2024-07,01-07-2024,1,Monday,0
02-07-2024,20240702,2024,Q3,7,Jul,2024-07,01-07-2024,2,Tuesday,0
03-07-2024,20240703,2024,Q3,7,Jul,2024-07,01-07-2024,3,Wednesday,0
04-07-2024,20240704,2024,Q3,7,Jul,2024-07,01-07-2024,4,Thursday,0
05-07-2024,20240705,2024,Q3,7,Jul,2024-07,01-07-2024,5,Friday,0
06-07-2024,20240706,2024,Q3,7,Jul,2024-07,01-07-2024,6,Saturday,1
07-07-2024,20240707,2024,Q3,7,Jul,2024-07,01-07-2024,7,Sunday,1
08-07-2024,20240708,2024,Q3,7,Jul,2024-07,01-07-2024,8,Monday,0
09-07-2024,20240709,2024,Q3,7,Jul,2024-07,01-07-2024,9,Tuesday,0
10-07-2024,20240710,2024,Q3,7,Jul,2024-07,01-07-2024,10,Wednesday,0
11-07-2024,20240711,2024,Q3,7,Jul,2024-07,01-07-2024,11,Thursday,0
12-07-2024,20240712,2024,Q3,7,Jul,2024-07,01-07-2024,12,Friday,0
13-07-2024,20240713,2024,Q3,7,Jul,2024-07,01-07-2024,13,Saturday,1
14-07-2024,20240714,2024,Q3,7,Jul,2024-07,01-07-2024,14,Sunday,1
15-07-2024,20240715,2024,Q3,7,Jul,2024-07,01-07-2024,15,Monday,0
16-07-2024,20240716,2024,Q3,7,Jul,2024-07,01-07-2024,16,Tuesday,0
17-07-2024,20240717,2024,Q3,7,Jul,2024-07,01-07-2024,17,Wednesday,0
18-07-2024,20240718,2024,Q3,7,Jul,2024-07,01-07-2024,18,Thursday,0
19-07-2024,20240719,2024,Q3,7,Jul,2024-07,01-07-2024,19,Friday,0
20-07-2024,20240720,2024,Q3,7,Jul,2024-07,01-07-2024,20,Saturday,1
21-07-2024,20240721,2024,Q3,7,Jul,2024-07,01-07-2024,21,Sunday,1
22-07-2024,20240722,2024,Q3,7,Jul,2024-07,01-07-2024,22,Monday,0
23-07-2024,20240723,2024,Q3,7,Jul,2024-07,01-07-2024,23,Tuesday,0
24-07-2024,20240724,2024,Q3,7,Jul,2024-07,01-07-2024,24,Wednesday,0
25-07-2024,20240725,2024,Q3,7,Jul,2024-07,01-07-2024,25,Thursday,0
26-07-2024,20240726,2024,Q3,7,Jul,2024-07,01-07-2024,26,Friday,0
27-07-2024,20240727,2024,Q3,7,Jul,2024-07,01-07-2024,27,Saturday,1
28-07-2024,20240728,2024,Q3,7,Jul,2024-07,01-07-2024,28,Sunday,1
29-07-2024,20240729,2024,Q3,7,Jul,2024-07,01-07-2024,29,Monday,0
30-07-2024,20240730,2024,Q3,7,Jul,2024-07,01-07-2024,30,Tuesday,0
31-07-2024,20240731,2024,Q3,7,Jul,2024-07,01-07-2024,31,Wednesday,0
01-08-2024,20240801,2024,Q3,8,Aug,2024-08,01-08-2024,1,Thursday,0
02-08-2024,20240802,2024,Q3,8,Aug,2024-08,01-08-2024,2,Friday,0
03-08-2024,20240803,2024,Q3,8,Aug,2024-08,01-08-2024,3,Saturday,1
04-08-2024,20240804,2024,Q3,8,Aug,2024-08,01-08-2024,4,Sunday,1
05-08-2024,20240805,2024,Q3,8,Aug,2024-08,01-08-2024,5,Monday,0
06-08-2024,20240806,2024,Q3,8,Aug,2024-08,01-08-2024,6,Tuesday,0
07-08-2024,20240807,2024,Q3,8,Aug,2024-08,01-08-2024,7,Wednesday,0
08-08-2024,20240808,2024,Q3,8,Aug,2024-08,01-08-2024,8,Thursday,0
09-08-2024,20240809,2024,Q3,8,Aug,2024-08,01-08-2024,9,Friday,0
10-08-2024,20240810,2024,Q3,8,Aug,2024-08,01-08-2024,10,Saturday,1
11-08-2024,20240811,2024,Q3,8,Aug,2024-08,01-08-2024,11,Sunday,1
12-08-2024,20240812,2024,Q3,8,Aug,2024-08,01-08-2024,12,Monday,0
13-08-2024,20240813,2024,Q3,8,Aug,2024-08,01-08-2024,13,Tuesday,0
14-08-2024,20240814,2024,Q3,8,Aug,2024-08,01-08-2024,14,Wednesday,0
15-08-2024,20240815,2024,Q3,8,Aug,2024-08,01-08-2024,15,Thursday,0
16-08-2024,20240816,2024,Q3,8,Aug,2024-08,01-08-2024,16,Friday,0
17-08-2024,20240817,2024,Q3,8,Aug,2024-08,01-08-2024,17,Saturday,1
18-08-2024,20240818,2024,Q3,8,Aug,2024-08,01-08-2024,18,Sunday,1
19-08-2024,20240819,2024,Q3,8,Aug,2024-08,01-08-2024,19,Monday,0
20-08-2024,20240820,2024,Q3,8,Aug,2024-08,01-08-2024,20,Tuesday,0
21-08-2024,20240821,2024,Q3,8,Aug,2024-08,01-08-2024,21,Wednesday,0
22-08-2024,20240822,2024,Q3,8,Aug,2024-08,01-08-2024,22,Thursday,0
23-08-2024,20240823,2024,Q3,8,Aug,2024-08,01-08-2024,23,Friday,0
24-08-2024,20240824,2024,Q3,8,Aug,2024-08,01-08-2024,24,Saturday,1
25-08-2024,20240825,2024,Q3,8,Aug,2024-08,01-08-2024,25,Sunday,1
26-08-2024,20240826,2024,Q3,8,Aug,2024-08,01-08-2024,26,Monday,0
27-08-2024,20240827,2024,Q3,8,Aug,2024-08,01-08-2024,27,Tuesday,0
28-08-2024,20240828,2024,Q3,8,Aug,2024-08,01-08-2024,28,Wednesday,0
29-08-2024,20240829,2024,Q3,8,Aug,2024-08,01-08-2024,29,Thursday,0
30-08-2024,20240830,2024,Q3,8,Aug,2024-08,01-08-2024,30,Friday,0
31-08-2024,20240831,2024,Q3,8,Aug,2024-08,01-08-2024,31,Saturday,1
01-09-2024,20240901,2024,Q3,9,Sep,2024-09,01-09-2024,1,Sunday,1
02-09-2024,20240902,2024,Q3,9,Sep,2024-09,01-09-2024,2,Monday,0
03-09-2024,20240903,2024,Q3,9,Sep,2024-09,01-09-2024,3,Tuesday,0
04-09-2024,20240904,2024,Q3,9,Sep,2024-09,01-09-2024,4,Wednesday,0
05-09-2024,20240905,2024,Q3,9,Sep,2024-09,01-09-2024,5,Thursday,0
06-09-2024,20240906,2024,Q3,9,Sep,2024-09,01-09-2024,6,Friday,0
07-09-2024,20240907,2024,Q3,9,Sep,2024-09,01-09-2024,7,Saturday,1
08-09-2024,20240908,2024,Q3,9,Sep,2024-09,01-09-2024,8,Sunday,1
09-09-2024,20240909,2024,Q3,9,Sep,2024-09,01-09-2024,9,Monday,0
10-09-2024,20240910,2024,Q3,9,Sep,2024-09,01-09-2024,10,Tuesday,0
11-09-2024,20240911,2024,Q3,9,Sep,2024-09,01-09-2024,11,Wednesday,0
12-09-2024,20240912,2024,Q3,9,Sep,2024-09,01-09-2024,12,Thursday,0
13-09-2024,20240913,2024,Q3,9,Sep,2024-09,01-09-2024,13,Friday,0
14-09-2024,20240914,2024,Q3,9,Sep,2024-09,01-09-2024,14,Saturday,1
15-09-2024,20240915,2024,Q3,9,Sep,2024-09,01-09-2024,15,Sunday,1
16-09-2024,20240916,2024,Q3,9,Sep,2024-09,01-09-2024,16,Monday,0
17-09-2024,20240917,2024,Q3,9,Sep,2024-09,01-09-2024,17,Tuesday,0
18-09-2024,20240918,2024,Q3,9,Sep,2024-09,01-09-2024,18,Wednesday,0
19-09-2024,20240919,2024,Q3,9,Sep,2024-09,01-09-2024,19,Thursday,0
20-09-2024,20240920,2024,Q3,9,Sep,2024-09,01-09-2024,20,Friday,0
21-09-2024,20240921,2024,Q3,9,Sep,2024-09,01-09-2024,21,Saturday,1
22-09-2024,20240922,2024,Q3,9,Sep,2024-09,01-09-2024,22,Sunday,1
23-09-2024,20240923,2024,Q3,9,Sep,2024-09,01-09-2024,23,Monday,0
24-09-2024,20240924,2024,Q3,9,Sep,2024-09,01-09-2024,24,Tuesday,0
25-09-2024,20240925,2024,Q3,9,Sep,2024-09,01-09-2024,25,Wednesday,0
26-09-2024,20240926,2024,Q3,9,Sep,2024-09,01-09-2024,26,Thursday,0
27-09-2024,20240927,2024,Q3,9,Sep,2024-09,01-09-2024,27,Friday,0
28-09-2024,20240928,2024,Q3,9,Sep,2024-09,01-09-2024,28,Saturday,1
29-09-2024,20240929,2024,Q3,9,Sep,2024-09,01-09-2024,29,Sunday,1
30-09-2024,20240930,2024,Q3,9,Sep,2024-09,01-09-2024,30,Monday,0
01-10-2024,20241001,2024,Q4,10,Oct,2024-10,01-10-2024,1,Tuesday,0
02-10-2024,20241002,2024,Q4,10,Oct,2024-10,01-10-2024,2,Wednesday,0
03-10-2024,20241003,2024,Q4,10,Oct,2024-10,01-10-2024,3,Thursday,0
04-10-2024,20241004,2024,Q4,10,Oct,2024-10,01-10-2024,4,Friday,0
05-10-2024,20241005,2024,Q4,10,Oct,2024-10,01-10-2024,5,Saturday,1
06-10-2024,20241006,2024,Q4,10,Oct,2024-10,01-10-2024,6,Sunday,1
07-10-2024,20241007,2024,Q4,10,Oct,2024-10,01-10-2024,7,Monday,0
08-10-2024,20241008,2024,Q4,10,Oct,2024-10,01-10-2024,8,Tuesday,0
09-10-2024,20241009,2024,Q4,10,Oct,2024-10,01-10-2024,9,Wednesday,0
10-10-2024,20241010,2024,Q4,10,Oct,2024-10,01-10-2024,10,Thursday,0
11-10-2024,20241011,2024,Q4,10,Oct,2024-10,01-10-2024,11,Friday,0
12-10-2024,20241012,2024,Q4,10,Oct,2024-10,01-10-2024,12,Saturday,1
13-10-2024,20241013,2024,Q4,10,Oct,2024-10,01-10-2024,13,Sunday,1
14-10-2024,20241014,2024,Q4,10,Oct,2024-10,01-10-2024,14,Monday,0
15-10-2024,20241015,2024,Q4,10,Oct,2024-10,01-10-2024,15,Tuesday,0
16-10-2024,20241016,2024,Q4,10,Oct,2024-10,01-10-2024,16,Wednesday,0
17-10-2024,20241017,2024,Q4,10,Oct,2024-10,01-10-2024,17,Thursday,0
18-10-2024,20241018,2024,Q4,10,Oct,2024-10,01-10-2024,18,Friday,0
19-10-2024,20241019,2024,Q4,10,Oct,2024-10,01-10-2024,19,Saturday,1
20-10-2024,20241020,2024,Q4,10,Oct,2024-10,01-10-2024,20,Sunday,1
21-10-2024,20241021,2024,Q4,10,Oct,2024-10,01-10-2024,21,Monday,0
22-10-2024,20241022,2024,Q4,10,Oct,2024-10,01-10-2024,22,Tuesday,0
23-10-2024,20241023,2024,Q4,10,Oct,2024-10,01-10-2024,23,Wednesday,0
24-10-2024,20241024,2024,Q4,10,Oct,2024-10,01-10-2024,24,Thursday,0
25-10-2024,20241025,2024,Q4,10,Oct,2024-10,01-10-2024,25,Friday,0
26-10-2024,20241026,2024,Q4,10,Oct,2024-10,01-10-2024,26,Saturday,1
27-10-2024,20241027,2024,Q4,10,Oct,2024-10,01-10-2024,27,Sunday,1
28-10-2024,20241028,2024,Q4,10,Oct,2024-10,01-10-2024,28,Monday,0
29-10-2024,20241029,2024,Q4,10,Oct,2024-10,01-10-2024,29,Tuesday,0
30-10-2024,20241030,2024,Q4,10,Oct,2024-10,01-10-2024,30,Wednesday,0
31-10-2024,20241031,2024,Q4,10,Oct,2024-10,01-10-2024,31,Thursday,0
01-11-2024,20241101,2024,Q4,11,Nov,2024-11,01-11-2024,1,Friday,0
02-11-2024,20241102,2024,Q4,11,Nov,2024-11,01-11-2024,2,Saturday,1
03-11-2024,20241103,2024,Q4,11,Nov,2024-11,01-11-2024,3,Sunday,1
04-11-2024,20241104,2024,Q4,11,Nov,2024-11,01-11-2024,4,Monday,0
05-11-2024,20241105,2024,Q4,11,Nov,2024-11,01-11-2024,5,Tuesday,0
06-11-2024,20241106,2024,Q4,11,Nov,2024-11,01-11-2024,6,Wednesday,0
07-11-2024,20241107,2024,Q4,11,Nov,2024-11,01-11-2024,7,Thursday,0
08-11-2024,20241108,2024,Q4,11,Nov,2024-11,01-11-2024,8,Friday,0
09-11-2024,20241109,2024,Q4,11,Nov,2024-11,01-11-2024,9,Saturday,1
10-11-2024,20241110,2024,Q4,11,Nov,2024-11,01-11-2024,10,Sunday,1
11-11-2024,20241111,2024,Q4,11,Nov,2024-11,01-11-2024,11,Monday,0
12-11-2024,20241112,2024,Q4,11,Nov,2024-11,01-11-2024,12,Tuesday,0
13-11-2024,20241113,2024,Q4,11,Nov,2024-11,01-11-2024,13,Wednesday,0
14-11-2024,20241114,2024,Q4,11,Nov,2024-11,01-11-2024,14,Thursday,0
15-11-2024,20241115,2024,Q4,11,Nov,2024-11,01-11-2024,15,Friday,0
16-11-2024,20241116,2024,Q4,11,Nov,2024-11,01-11-2024,16,Saturday,1
17-11-2024,20241117,2024,Q4,11,Nov,2024-11,01-11-2024,17,Sunday,1
18-11-2024,20241118,2024,Q4,11,Nov,2024-11,01-11-2024,18,Monday,0
19-11-2024,20241119,2024,Q4,11,Nov,2024-11,01-11-2024,19,Tuesday,0
20-11-2024,20241120,2024,Q4,11,Nov,2024-11,01-11-2024,20,Wednesday,0
21-11-2024,20241121,2024,Q4,11,Nov,2024-11,01-11-2024,21,Thursday,0
22-11-2024,20241122,2024,Q4,11,Nov,2024-11,01-11-2024,22,Friday,0
23-11-2024,20241123,2024,Q4,11,Nov,2024-11,01-11-2024,23,Saturday,1
24-11-2024,20241124,2024,Q4,11,Nov,2024-11,01-11-2024,24,Sunday,1
25-11-2024,20241125,2024,Q4,11,Nov,2024-11,01-11-2024,25,Monday,0
26-11-2024,20241126,2024,Q4,11,Nov,2024-11,01-11-2024,26,Tuesday,0
27-11-2024,20241127,2024,Q4,11,Nov,2024-11,01-11-2024,27,Wednesday,0
28-11-2024,20241128,2024,Q4,11,Nov,2024-11,01-11-2024,28,Thursday,0
29-11-2024,20241129,2024,Q4,11,Nov,2024-11,01-11-2024,29,Friday,0
30-11-2024,20241130,2024,Q4,11,Nov,2024-11,01-11-2024,30,Saturday,1
01-12-2024,20241201,2024,Q4,12,Dec,2024-12,01-12-2024,1,Sunday,1
02-12-2024,20241202,2024,Q4,12,Dec,2024-12,01-12-2024,2,Monday,0
03-12-2024,20241203,2024,Q4,12,Dec,2024-12,01-12-2024,3,Tuesday,0
04-12-2024,20241204,2024,Q4,12,Dec,2024-12,01-12-2024,4,Wednesday,0
05-12-2024,20241205,2024,Q4,12,Dec,2024-12,01-12-2024,5,Thursday,0
06-12-2024,20241206,2024,Q4,12,Dec,2024-12,01-12-2024,6,Friday,0
07-12-2024,20241207,2024,Q4,12,Dec,2024-12,01-12-2024,7,Saturday,1
08-12-2024,20241208,2024,Q4,12,Dec,2024-12,01-12-2024,8,Sunday,1
09-12-2024,20241209,2024,Q4,12,Dec,2024-12,01-12-2024,9,Monday,0
10-12-2024,20241210,2024,Q4,12,Dec,2024-12,01-12-2024,10,Tuesday,0
11-12-2024,20241211,2024,Q4,12,Dec,2024-12,01-12-2024,11,Wednesday,0
12-12-2024,20241212,2024,Q4,12,Dec,2024-12,01-12-2024,12,Thursday,0
13-12-2024,20241213,2024,Q4,12,Dec,2024-12,01-12-2024,13,Friday,0
14-12-2024,20241214,2024,Q4,12,Dec,2024-12,01-12-2024,14,Saturday,1
15-12-2024,20241215,2024,Q4,12,Dec,2024-12,01-12-2024,15,Sunday,1
16-12-2024,20241216,2024,Q4,12,Dec,2024-12,01-12-2024,16,Monday,0
17-12-2024,20241217,2024,Q4,12,Dec,2024-12,01-12-2024,17,Tuesday,0
18-12-2024,20241218,2024,Q4,12,Dec,2024-12,01-12-2024,18,Wednesday,0
19-12-2024,20241219,2024,Q4,12,Dec,2024-12,01-12-2024,19,Thursday,0
20-12-2024,20241220,2024,Q4,12,Dec,2024-12,01-12-2024,20,Friday,0
21-12-2024,20241221,2024,Q4,12,Dec,2024-12,01-12-2024,21,Saturday,1
22-12-2024,20241222,2024,Q4,12,Dec,2024-12,01-12-2024,22,Sunday,1
23-12-2024,20241223,2024,Q4,12,Dec,2024-12,01-12-2024,23,Monday,0
24-12-2024,20241224,2024,Q4,12,Dec,2024-12,01-12-2024,24,Tuesday,0
25-12-2024,20241225,2024,Q4,12,Dec,2024-12,01-12-2024,25,Wednesday,0
26-12-2024,20241226,2024,Q4,12,Dec,2024-12,01-12-2024,26,Thursday,0
27-12-2024,20241227,2024,Q4,12,Dec,2024-12,01-12-2024,27,Friday,0
28-12-2024,20241228,2024,Q4,12,Dec,2024-12,01-12-2024,28,Saturday,1
29-12-2024,20241229,2024,Q4,12,Dec,2024-12,01-12-2024,29,Sunday,1
30-12-2024,20241230,2024,Q4,12,Dec,2024-12,01-12-2024,30,Monday,0
31-12-2024,20241231,2024,Q4,12,Dec,2024-12,01-12-2024,31,Tuesday,0
01-01-2025,20250101,2025,Q1,1,Jan,2025-01,01-01-2025,1,Wednesday,0
02-01-2025,20250102,2025,Q1,1,Jan,2025-01,01-01-2025,2,Thursday,0
03-01-2025,20250103,2025,Q1,1,Jan,2025-01,01-01-2025,3,Friday,0
04-01-2025,20250104,2025,Q1,1,Jan,2025-01,01-01-2025,4,Saturday,1
05-01-2025,20250105,2025,Q1,1,Jan,2025-01,01-01-2025,5,Sunday,1
06-01-2025,20250106,2025,Q1,1,Jan,2025-01,01-01-2025,6,Monday,0
07-01-2025,20250107,2025,Q1,1,Jan,2025-01,01-01-2025,7,Tuesday,0
08-01-2025,20250108,2025,Q1,1,Jan,2025-01,01-01-2025,8,Wednesday,0
09-01-2025,20250109,2025,Q1,1,Jan,2025-01,01-01-2025,9,Thursday,0
10-01-2025,20250110,2025,Q1,1,Jan,2025-01,01-01-2025,10,Friday,0
11-01-2025,20250111,2025,Q1,1,Jan,2025-01,01-01-2025,11,Saturday,1
12-01-2025,20250112,2025,Q1,1,Jan,2025-01,01-01-2025,12,Sunday,1
13-01-2025,20250113,2025,Q1,1,Jan,2025-01,01-01-2025,13,Monday,0
14-01-2025,20250114,2025,Q1,1,Jan,2025-01,01-01-2025,14,Tuesday,0
15-01-2025,20250115,2025,Q1,1,Jan,2025-01,01-01-2025,15,Wednesday,0
16-01-2025,20250116,2025,Q1,1,Jan,2025-01,01-01-2025,16,Thursday,0
17-01-2025,20250117,2025,Q1,1,Jan,2025-01,01-01-2025,17,Friday,0
18-01-2025,20250118,2025,Q1,1,Jan,2025-01,01-01-2025,18,Saturday,1
19-01-2025,20250119,2025,Q1,1,Jan,2025-01,01-01-2025,19,Sunday,1
20-01-2025,20250120,2025,Q1,1,Jan,2025-01,01-01-2025,20,Monday,0
21-01-2025,20250121,2025,Q1,1,Jan,2025-01,01-01-2025,21,Tuesday,0
22-01-2025,20250122,2025,Q1,1,Jan,2025-01,01-01-2025,22,Wednesday,0
23-01-2025,20250123,2025,Q1,1,Jan,2025-01,01-01-2025,23,Thursday,0
24-01-2025,20250124,2025,Q1,1,Jan,2025-01,01-01-2025,24,Friday,0
25-01-2025,20250125,2025,Q1,1,Jan,2025-01,01-01-2025,25,Saturday,1
26-01-2025,20250126,2025,Q1,1,Jan,2025-01,01-01-2025,26,Sunday,1
27-01-2025,20250127,2025,Q1,1,Jan,2025-01,01-01-2025,27,Monday,0
28-01-2025,20250128,2025,Q1,1,Jan,2025-01,01-01-2025,28,Tuesday,0
29-01-2025,20250129,2025,Q1,1,Jan,2025-01,01-01-2025,29,Wednesday,0
30-01-2025,20250130,2025,Q1,1,Jan,2025-01,01-01-2025,30,Thursday,0
31-01-2025,20250131,2025,Q1,1,Jan,2025-01,01-01-2025,31,Friday,0
01-02-2025,20250201,2025,Q1,2,Feb,2025-02,01-02-2025,1,Saturday,1
02-02-2025,20250202,2025,Q1,2,Feb,2025-02,01-02-2025,2,Sunday,1
03-02-2025,20250203,2025,Q1,2,Feb,2025-02,01-02-2025,3,Monday,0
04-02-2025,20250204,2025,Q1,2,Feb,2025-02,01-02-2025,4,Tuesday,0
05-02-2025,20250205,2025,Q1,2,Feb,2025-02,01-02-2025,5,Wednesday,0
06-02-2025,20250206,2025,Q1,2,Feb,2025-02,01-02-2025,6,Thursday,0
07-02-2025,20250207,2025,Q1,2,Feb,2025-02,01-02-2025,7,Friday,0
08-02-2025,20250208,2025,Q1,2,Feb,2025-02,01-02-2025,8,Saturday,1
09-02-2025,20250209,2025,Q1,2,Feb,2025-02,01-02-2025,9,Sunday,1
10-02-2025,20250210,2025,Q1,2,Feb,2025-02,01-02-2025,10,Monday,0
11-02-2025,20250211,2025,Q1,2,Feb,2025-02,01-02-2025,11,Tuesday,0
12-02-2025,20250212,2025,Q1,2,Feb,2025-02,01-02-2025,12,Wednesday,0
13-02-2025,20250213,2025,Q1,2,Feb,2025-02,01-02-2025,13,Thursday,0
14-02-2025,20250214,2025,Q1,2,Feb,2025-02,01-02-2025,14,Friday,0
15-02-2025,20250215,2025,Q1,2,Feb,2025-02,01-02-2025,15,Saturday,1
16-02-2025,20250216,2025,Q1,2,Feb,2025-02,01-02-2025,16,Sunday,1
17-02-2025,20250217,2025,Q1,2,Feb,2025-02,01-02-2025,17,Monday,0
18-02-2025,20250218,2025,Q1,2,Feb,2025-02,01-02-2025,18,Tuesday,0
19-02-2025,20250219,2025,Q1,2,Feb,2025-02,01-02-2025,19,Wednesday,0
20-02-2025,20250220,2025,Q1,2,Feb,2025-02,01-02-2025,20,Thursday,0
21-02-2025,20250221,2025,Q1,2,Feb,2025-02,01-02-2025,21,Friday,0
22-02-2025,20250222,2025,Q1,2,Feb,2025-02,01-02-2025,22,Saturday,1
23-02-2025,20250223,2025,Q1,2,Feb,2025-02,01-02-2025,23,Sunday,1
24-02-2025,20250224,2025,Q1,2,Feb,2025-02,01-02-2025,24,Monday,0
25-02-2025,20250225,2025,Q1,2,Feb,2025-02,01-02-2025,25,Tuesday,0
26-02-2025,20250226,2025,Q1,2,Feb,2025-02,01-02-2025,26,Wednesday,0
27-02-2025,20250227,2025,Q1,2,Feb,2025-02,01-02-2025,27,Thursday,0
28-02-2025,20250228,2025,Q1,2,Feb,2025-02,01-02-2025,28,Friday,0
01-03-2025,20250301,2025,Q1,3,Mar,2025-03,01-03-2025,1,Saturday,1
02-03-2025,20250302,2025,Q1,3,Mar,2025-03,01-03-2025,2,Sunday,1
03-03-2025,20250303,2025,Q1,3,Mar,2025-03,01-03-2025,3,Monday,0
04-03-2025,20250304,2025,Q1,3,Mar,2025-03,01-03-2025,4,Tuesday,0
05-03-2025,20250305,2025,Q1,3,Mar,2025-03,01-03-2025,5,Wednesday,0
06-03-2025,20250306,2025,Q1,3,Mar,2025-03,01-03-2025,6,Thursday,0
07-03-2025,20250307,2025,Q1,3,Mar,2025-03,01-03-2025,7,Friday,0
08-03-2025,20250308,2025,Q1,3,Mar,2025-03,01-03-2025,8,Saturday,1
09-03-2025,20250309,2025,Q1,3,Mar,2025-03,01-03-2025,9,Sunday,1
10-03-2025,20250310,2025,Q1,3,Mar,2025-03,01-03-2025,10,Monday,0
11-03-2025,20250311,2025,Q1,3,Mar,2025-03,01-03-2025,11,Tuesday,0
12-03-2025,20250312,2025,Q1,3,Mar,2025-03,01-03-2025,12,Wednesday,0
13-03-2025,20250313,2025,Q1,3,Mar,2025-03,01-03-2025,13,Thursday,0
14-03-2025,20250314,2025,Q1,3,Mar,2025-03,01-03-2025,14,Friday,0
15-03-2025,20250315,2025,Q1,3,Mar,2025-03,01-03-2025,15,Saturday,1
16-03-2025,20250316,2025,Q1,3,Mar,2025-03,01-03-2025,16,Sunday,1
17-03-2025,20250317,2025,Q1,3,Mar,2025-03,01-03-2025,17,Monday,0
18-03-2025,20250318,2025,Q1,3,Mar,2025-03,01-03-2025,18,Tuesday,0
19-03-2025,20250319,2025,Q1,3,Mar,2025-03,01-03-2025,19,Wednesday,0
20-03-2025,20250320,2025,Q1,3,Mar,2025-03,01-03-2025,20,Thursday,0
21-03-2025,20250321,2025,Q1,3,Mar,2025-03,01-03-2025,21,Friday,0
22-03-2025,20250322,2025,Q1,3,Mar,2025-03,01-03-2025,22,Saturday,1
23-03-2025,20250323,2025,Q1,3,Mar,2025-03,01-03-2025,23,Sunday,1
24-03-2025,20250324,2025,Q1,3,Mar,2025-03,01-03-2025,24,Monday,0
25-03-2025,20250325,2025,Q1,3,Mar,2025-03,01-03-2025,25,Tuesday,0
26-03-2025,20250326,2025,Q1,3,Mar,2025-03,01-03-2025,26,Wednesday,0
27-03-2025,20250327,2025,Q1,3,Mar,2025-03,01-03-2025,27,Thursday,0
28-03-2025,20250328,2025,Q1,3,Mar,2025-03,01-03-2025,28,Friday,0
29-03-2025,20250329,2025,Q1,3,Mar,2025-03,01-03-2025,29,Saturday,1
30-03-2025,20250330,2025,Q1,3,Mar,2025-03,01-03-2025,30,Sunday,1
31-03-2025,20250331,2025,Q1,3,Mar,2025-03,01-03-2025,31,Monday,0
01-04-2025,20250401,2025,Q2,4,Apr,2025-04,01-04-2025,1,Tuesday,0
02-04-2025,20250402,2025,Q2,4,Apr,2025-04,01-04-2025,2,Wednesday,0
03-04-2025,20250403,2025,Q2,4,Apr,2025-04,01-04-2025,3,Thursday,0
04-04-2025,20250404,2025,Q2,4,Apr,2025-04,01-04-2025,4,Friday,0
05-04-2025,20250405,2025,Q2,4,Apr,2025-04,01-04-2025,5,Saturday,1
06-04-2025,20250406,2025,Q2,4,Apr,2025-04,01-04-2025,6,Sunday,1
07-04-2025,20250407,2025,Q2,4,Apr,2025-04,01-04-2025,7,Monday,0
08-04-2025,20250408,2025,Q2,4,Apr,2025-04,01-04-2025,8,Tuesday,0
09-04-2025,20250409,2025,Q2,4,Apr,2025-04,01-04-2025,9,Wednesday,0
10-04-2025,20250410,2025,Q2,4,Apr,2025-04,01-04-2025,10,Thursday,0
11-04-2025,20250411,2025,Q2,4,Apr,2025-04,01-04-2025,11,Friday,0
12-04-2025,20250412,2025,Q2,4,Apr,2025-04,01-04-2025,12,Saturday,1
13-04-2025,20250413,2025,Q2,4,Apr,2025-04,01-04-2025,13,Sunday,1
14-04-2025,20250414,2025,Q2,4,Apr,2025-04,01-04-2025,14,Monday,0
15-04-2025,20250415,2025,Q2,4,Apr,2025-04,01-04-2025,15,Tuesday,0
16-04-2025,20250416,2025,Q2,4,Apr,2025-04,01-04-2025,16,Wednesday,0
17-04-2025,20250417,2025,Q2,4,Apr,2025-04,01-04-2025,17,Thursday,0
18-04-2025,20250418,2025,Q2,4,Apr,2025-04,01-04-2025,18,Friday,0
19-04-2025,20250419,2025,Q2,4,Apr,2025-04,01-04-2025,19,Saturday,1
20-04-2025,20250420,2025,Q2,4,Apr,2025-04,01-04-2025,20,Sunday,1
21-04-2025,20250421,2025,Q2,4,Apr,2025-04,01-04-2025,21,Monday,0
22-04-2025,20250422,2025,Q2,4,Apr,2025-04,01-04-2025,22,Tuesday,0
23-04-2025,20250423,2025,Q2,4,Apr,2025-04,01-04-2025,23,Wednesday,0
24-04-2025,20250424,2025,Q2,4,Apr,2025-04,01-04-2025,24,Thursday,0
25-04-2025,20250425,2025,Q2,4,Apr,2025-04,01-04-2025,25,Friday,0
26-04-2025,20250426,2025,Q2,4,Apr,2025-04,01-04-2025,26,Saturday,1
27-04-2025,20250427,2025,Q2,4,Apr,2025-04,01-04-2025,27,Sunday,1
28-04-2025,20250428,2025,Q2,4,Apr,2025-04,01-04-2025,28,Monday,0
29-04-2025,20250429,2025,Q2,4,Apr,2025-04,01-04-2025,29,Tuesday,0
30-04-2025,20250430,2025,Q2,4,Apr,2025-04,01-04-2025,30,Wednesday,0
01-05-2025,20250501,2025,Q2,5,May,2025-05,01-05-2025,1,Thursday,0
02-05-2025,20250502,2025,Q2,5,May,2025-05,01-05-2025,2,Friday,0
03-05-2025,20250503,2025,Q2,5,May,2025-05,01-05-2025,3,Saturday,1
04-05-2025,20250504,2025,Q2,5,May,2025-05,01-05-2025,4,Sunday,1
05-05-2025,20250505,2025,Q2,5,May,2025-05,01-05-2025,5,Monday,0
06-05-2025,20250506,2025,Q2,5,May,2025-05,01-05-2025,6,Tuesday,0
07-05-2025,20250507,2025,Q2,5,May,2025-05,01-05-2025,7,Wednesday,0
08-05-2025,20250508,2025,Q2,5,May,2025-05,01-05-2025,8,Thursday,0
09-05-2025,20250509,2025,Q2,5,May,2025-05,01-05-2025,9,Friday,0
10-05-2025,20250510,2025,Q2,5,May,2025-05,01-05-2025,10,Saturday,1
11-05-2025,20250511,2025,Q2,5,May,2025-05,01-05-2025,11,Sunday,1
12-05-2025,20250512,2025,Q2,5,May,2025-05,01-05-2025,12,Monday,0
13-05-2025,20250513,2025,Q2,5,May,2025-05,01-05-2025,13,Tuesday,0
14-05-2025,20250514,2025,Q2,5,May,2025-05,01-05-2025,14,Wednesday,0
15-05-2025,20250515,2025,Q2,5,May,2025-05,01-05-2025,15,Thursday,0
16-05-2025,20250516,2025,Q2,5,May,2025-05,01-05-2025,16,Friday,0
17-05-2025,20250517,2025,Q2,5,May,2025-05,01-05-2025,17,Saturday,1
18-05-2025,20250518,2025,Q2,5,May,2025-05,01-05-2025,18,Sunday,1
19-05-2025,20250519,2025,Q2,5,May,2025-05,01-05-2025,19,Monday,0
20-05-2025,20250520,2025,Q2,5,May,2025-05,01-05-2025,20,Tuesday,0
21-05-2025,20250521,2025,Q2,5,May,2025-05,01-05-2025,21,Wednesday,0
22-05-2025,20250522,2025,Q2,5,May,2025-05,01-05-2025,22,Thursday,0
23-05-2025,20250523,2025,Q2,5,May,2025-05,01-05-2025,23,Friday,0
24-05-2025,20250524,2025,Q2,5,May,2025-05,01-05-2025,24,Saturday,1
25-05-2025,20250525,2025,Q2,5,May,2025-05,01-05-2025,25,Sunday,1
26-05-2025,20250526,2025,Q2,5,May,2025-05,01-05-2025,26,Monday,0
27-05-2025,20250527,2025,Q2,5,May,2025-05,01-05-2025,27,Tuesday,0
28-05-2025,20250528,2025,Q2,5,May,2025-05,01-05-2025,28,Wednesday,0
29-05-2025,20250529,2025,Q2,5,May,2025-05,01-05-2025,29,Thursday,0
30-05-2025,20250530,2025,Q2,5,May,2025-05,01-05-2025,30,Friday,0
31-05-2025,20250531,2025,Q2,5,May,2025-05,01-05-2025,31,Saturday,1
01-06-2025,20250601,2025,Q2,6,Jun,2025-06,01-06-2025,1,Sunday,1
02-06-2025,20250602,2025,Q2,6,Jun,2025-06,01-06-2025,2,Monday,0
03-06-2025,20250603,2025,Q2,6,Jun,2025-06,01-06-2025,3,Tuesday,0
04-06-2025,20250604,2025,Q2,6,Jun,2025-06,01-06-2025,4,Wednesday,0
05-06-2025,20250605,2025,Q2,6,Jun,2025-06,01-06-2025,5,Thursday,0
06-06-2025,20250606,2025,Q2,6,Jun,2025-06,01-06-2025,6,Friday,0
07-06-2025,20250607,2025,Q2,6,Jun,2025-06,01-06-2025,7,Saturday,1
08-06-2025,20250608,2025,Q2,6,Jun,2025-06,01-06-2025,8,Sunday,1
09-06-2025,20250609,2025,Q2,6,Jun,2025-06,01-06-2025,9,Monday,0
10-06-2025,20250610,2025,Q2,6,Jun,2025-06,01-06-2025,10,Tuesday,0
11-06-2025,20250611,2025,Q2,6,Jun,2025-06,01-06-2025,11,Wednesday,0
12-06-2025,20250612,2025,Q2,6,Jun,2025-06,01-06-2025,12,Thursday,0
13-06-2025,20250613,2025,Q2,6,Jun,2025-06,01-06-2025,13,Friday,0
14-06-2025,20250614,2025,Q2,6,Jun,2025-06,01-06-2025,14,Saturday,1
15-06-2025,20250615,2025,Q2,6,Jun,2025-06,01-06-2025,15,Sunday,1
16-06-2025,20250616,2025,Q2,6,Jun,2025-06,01-06-2025,16,Monday,0
17-06-2025,20250617,2025,Q2,6,Jun,2025-06,01-06-2025,17,Tuesday,0
18-06-2025,20250618,2025,Q2,6,Jun,2025-06,01-06-2025,18,Wednesday,0
19-06-2025,20250619,2025,Q2,6,Jun,2025-06,01-06-2025,19,Thursday,0
20-06-2025,20250620,2025,Q2,6,Jun,2025-06,01-06-2025,20,Friday,0
21-06-2025,20250621,2025,Q2,6,Jun,2025-06,01-06-2025,21,Saturday,1
22-06-2025,20250622,2025,Q2,6,Jun,2025-06,01-06-2025,22,Sunday,1
23-06-2025,20250623,2025,Q2,6,Jun,2025-06,01-06-2025,23,Monday,0
24-06-2025,20250624,2025,Q2,6,Jun,2025-06,01-06-2025,24,Tuesday,0
25-06-2025,20250625,2025,Q2,6,Jun,2025-06,01-06-2025,25,Wednesday,0
26-06-2025,20250626,2025,Q2,6,Jun,2025-06,01-06-2025,26,Thursday,0
27-06-2025,20250627,2025,Q2,6,Jun,2025-06,01-06-2025,27,Friday,0
28-06-2025,20250628,2025,Q2,6,Jun,2025-06,01-06-2025,28,Saturday,1
29-06-2025,20250629,2025,Q2,6,Jun,2025-06,01-06-2025,29,Sunday,1
30-06-2025,20250630,2025,Q2,6,Jun,2025-06,01-06-2025,30,Monday,0
01-07-2025,20250701,2025,Q3,7,Jul,2025-07,01-07-2025,1,Tuesday,0
02-07-2025,20250702,2025,Q3,7,Jul,2025-07,01-07-2025,2,Wednesday,0
03-07-2025,20250703,2025,Q3,7,Jul,2025-07,01-07-2025,3,Thursday,0
04-07-2025,20250704,2025,Q3,7,Jul,2025-07,01-07-2025,4,Friday,0
05-07-2025,20250705,2025,Q3,7,Jul,2025-07,01-07-2025,5,Saturday,1
06-07-2025,20250706,2025,Q3,7,Jul,2025-07,01-07-2025,6,Sunday,1
07-07-2025,20250707,2025,Q3,7,Jul,2025-07,01-07-2025,7,Monday,0
08-07-2025,20250708,2025,Q3,7,Jul,2025-07,01-07-2025,8,Tuesday,0
09-07-2025,20250709,2025,Q3,7,Jul,2025-07,01-07-2025,9,Wednesday,0
10-07-2025,20250710,2025,Q3,7,Jul,2025-07,01-07-2025,10,Thursday,0
11-07-2025,20250711,2025,Q3,7,Jul,2025-07,01-07-2025,11,Friday,0
12-07-2025,20250712,2025,Q3,7,Jul,2025-07,01-07-2025,12,Saturday,1
13-07-2025,20250713,2025,Q3,7,Jul,2025-07,01-07-2025,13,Sunday,1
14-07-2025,20250714,2025,Q3,7,Jul,2025-07,01-07-2025,14,Monday,0
15-07-2025,20250715,2025,Q3,7,Jul,2025-07,01-07-2025,15,Tuesday,0
16-07-2025,20250716,2025,Q3,7,Jul,2025-07,01-07-2025,16,Wednesday,0
17-07-2025,20250717,2025,Q3,7,Jul,2025-07,01-07-2025,17,Thursday,0
18-07-2025,20250718,2025,Q3,7,Jul,2025-07,01-07-2025,18,Friday,0
19-07-2025,20250719,2025,Q3,7,Jul,2025-07,01-07-2025,19,Saturday,1
20-07-2025,20250720,2025,Q3,7,Jul,2025-07,01-07-2025,20,Sunday,1
21-07-2025,20250721,2025,Q3,7,Jul,2025-07,01-07-2025,21,Monday,0
22-07-2025,20250722,2025,Q3,7,Jul,2025-07,01-07-2025,22,Tuesday,0
23-07-2025,20250723,2025,Q3,7,Jul,2025-07,01-07-2025,23,Wednesday,0
24-07-2025,20250724,2025,Q3,7,Jul,2025-07,01-07-2025,24,Thursday,0
25-07-2025,20250725,2025,Q3,7,Jul,2025-07,01-07-2025,25,Friday,0
26-07-2025,20250726,2025,Q3,7,Jul,2025-07,01-07-2025,26,Saturday,1
27-07-2025,20250727,2025,Q3,7,Jul,2025-07,01-07-2025,27,Sunday,1
28-07-2025,20250728,2025,Q3,7,Jul,2025-07,01-07-2025,28,Monday,0
29-07-2025,20250729,2025,Q3,7,Jul,2025-07,01-07-2025,29,Tuesday,0
30-07-2025,20250730,2025,Q3,7,Jul,2025-07,01-07-2025,30,Wednesday,0
31-07-2025,20250731,2025,Q3,7,Jul,2025-07,01-07-2025,31,Thursday,0
01-08-2025,20250801,2025,Q3,8,Aug,2025-08,01-08-2025,1,Friday,0
02-08-2025,20250802,2025,Q3,8,Aug,2025-08,01-08-2025,2,Saturday,1
03-08-2025,20250803,2025,Q3,8,Aug,2025-08,01-08-2025,3,Sunday,1
04-08-2025,20250804,2025,Q3,8,Aug,2025-08,01-08-2025,4,Monday,0
05-08-2025,20250805,2025,Q3,8,Aug,2025-08,01-08-2025,5,Tuesday,0
06-08-2025,20250806,2025,Q3,8,Aug,2025-08,01-08-2025,6,Wednesday,0
07-08-2025,20250807,2025,Q3,8,Aug,2025-08,01-08-2025,7,Thursday,0
08-08-2025,20250808,2025,Q3,8,Aug,2025-08,01-08-2025,8,Friday,0
09-08-2025,20250809,2025,Q3,8,Aug,2025-08,01-08-2025,9,Saturday,1
10-08-2025,20250810,2025,Q3,8,Aug,2025-08,01-08-2025,10,Sunday,1
11-08-2025,20250811,2025,Q3,8,Aug,2025-08,01-08-2025,11,Monday,0
12-08-2025,20250812,2025,Q3,8,Aug,2025-08,01-08-2025,12,Tuesday,0
13-08-2025,20250813,2025,Q3,8,Aug,2025-08,01-08-2025,13,Wednesday,0
14-08-2025,20250814,2025,Q3,8,Aug,2025-08,01-08-2025,14,Thursday,0
15-08-2025,20250815,2025,Q3,8,Aug,2025-08,01-08-2025,15,Friday,0
16-08-2025,20250816,2025,Q3,8,Aug,2025-08,01-08-2025,16,Saturday,1
17-08-2025,20250817,2025,Q3,8,Aug,2025-08,01-08-2025,17,Sunday,1
18-08-2025,20250818,2025,Q3,8,Aug,2025-08,01-08-2025,18,Monday,0
19-08-2025,20250819,2025,Q3,8,Aug,2025-08,01-08-2025,19,Tuesday,0
20-08-2025,20250820,2025,Q3,8,Aug,2025-08,01-08-2025,20,Wednesday,0
21-08-2025,20250821,2025,Q3,8,Aug,2025-08,01-08-2025,21,Thursday,0
22-08-2025,20250822,2025,Q3,8,Aug,2025-08,01-08-2025,22,Friday,0
23-08-2025,20250823,2025,Q3,8,Aug,2025-08,01-08-2025,23,Saturday,1
24-08-2025,20250824,2025,Q3,8,Aug,2025-08,01-08-2025,24,Sunday,1
25-08-2025,20250825,2025,Q3,8,Aug,2025-08,01-08-2025,25,Monday,0
26-08-2025,20250826,2025,Q3,8,Aug,2025-08,01-08-2025,26,Tuesday,0
27-08-2025,20250827,2025,Q3,8,Aug,2025-08,01-08-2025,27,Wednesday,0
28-08-2025,20250828,2025,Q3,8,Aug,2025-08,01-08-2025,28,Thursday,0
29-08-2025,20250829,2025,Q3,8,Aug,2025-08,01-08-2025,29,Friday,0
30-08-2025,20250830,2025,Q3,8,Aug,2025-08,01-08-2025,30,Saturday,1
31-08-2025,20250831,2025,Q3,8,Aug,2025-08,01-08-2025,31,Sunday,1
01-09-2025,20250901,2025,Q3,9,Sep,2025-09,01-09-2025,1,Monday,0
02-09-2025,20250902,2025,Q3,9,Sep,2025-09,01-09-2025,2,Tuesday,0
03-09-2025,20250903,2025,Q3,9,Sep,2025-09,01-09-2025,3,Wednesday,0
04-09-2025,20250904,2025,Q3,9,Sep,2025-09,01-09-2025,4,Thursday,0
05-09-2025,20250905,2025,Q3,9,Sep,2025-09,01-09-2025,5,Friday,0
06-09-2025,20250906,2025,Q3,9,Sep,2025-09,01-09-2025,6,Saturday,1
07-09-2025,20250907,2025,Q3,9,Sep,2025-09,01-09-2025,7,Sunday,1
08-09-2025,20250908,2025,Q3,9,Sep,2025-09,01-09-2025,8,Monday,0
09-09-2025,20250909,2025,Q3,9,Sep,2025-09,01-09-2025,9,Tuesday,0
10-09-2025,20250910,2025,Q3,9,Sep,2025-09,01-09-2025,10,Wednesday,0
11-09-2025,20250911,2025,Q3,9,Sep,2025-09,01-09-2025,11,Thursday,0
12-09-2025,20250912,2025,Q3,9,Sep,2025-09,01-09-2025,12,Friday,0
13-09-2025,20250913,2025,Q3,9,Sep,2025-09,01-09-2025,13,Saturday,1
14-09-2025,20250914,2025,Q3,9,Sep,2025-09,01-09-2025,14,Sunday,1
15-09-2025,20250915,2025,Q3,9,Sep,2025-09,01-09-2025,15,Monday,0
16-09-2025,20250916,2025,Q3,9,Sep,2025-09,01-09-2025,16,Tuesday,0
17-09-2025,20250917,2025,Q3,9,Sep,2025-09,01-09-2025,17,Wednesday,0
18-09-2025,20250918,2025,Q3,9,Sep,2025-09,01-09-2025,18,Thursday,0
19-09-2025,20250919,2025,Q3,9,Sep,2025-09,01-09-2025,19,Friday,0
20-09-2025,20250920,2025,Q3,9,Sep,2025-09,01-09-2025,20,Saturday,1
21-09-2025,20250921,2025,Q3,9,Sep,2025-09,01-09-2025,21,Sunday,1
22-09-2025,20250922,2025,Q3,9,Sep,2025-09,01-09-2025,22,Monday,0
23-09-2025,20250923,2025,Q3,9,Sep,2025-09,01-09-2025,23,Tuesday,0
24-09-2025,20250924,2025,Q3,9,Sep,2025-09,01-09-2025,24,Wednesday,0
25-09-2025,20250925,2025,Q3,9,Sep,2025-09,01-09-2025,25,Thursday,0
26-09-2025,20250926,2025,Q3,9,Sep,2025-09,01-09-2025,26,Friday,0
27-09-2025,20250927,2025,Q3,9,Sep,2025-09,01-09-2025,27,Saturday,1
28-09-2025,20250928,2025,Q3,9,Sep,2025-09,01-09-2025,28,Sunday,1
29-09-2025,20250929,2025,Q3,9,Sep,2025-09,01-09-2025,29,Monday,0
30-09-2025,20250930,2025,Q3,9,Sep,2025-09,01-09-2025,30,Tuesday,0
01-10-2025,20251001,2025,Q4,10,Oct,2025-10,01-10-2025,1,Wednesday,0
02-10-2025,20251002,2025,Q4,10,Oct,2025-10,01-10-2025,2,Thursday,0
03-10-2025,20251003,2025,Q4,10,Oct,2025-10,01-10-2025,3,Friday,0
04-10-2025,20251004,2025,Q4,10,Oct,2025-10,01-10-2025,4,Saturday,1
05-10-2025,20251005,2025,Q4,10,Oct,2025-10,01-10-2025,5,Sunday,1
06-10-2025,20251006,2025,Q4,10,Oct,2025-10,01-10-2025,6,Monday,0
07-10-2025,20251007,2025,Q4,10,Oct,2025-10,01-10-2025,7,Tuesday,0
08-10-2025,20251008,2025,Q4,10,Oct,2025-10,01-10-2025,8,Wednesday,0
09-10-2025,20251009,2025,Q4,10,Oct,2025-10,01-10-2025,9,Thursday,0
10-10-2025,20251010,2025,Q4,10,Oct,2025-10,01-10-2025,10,Friday,0
11-10-2025,20251011,2025,Q4,10,Oct,2025-10,01-10-2025,11,Saturday,1
12-10-2025,20251012,2025,Q4,10,Oct,2025-10,01-10-2025,12,Sunday,1
13-10-2025,20251013,2025,Q4,10,Oct,2025-10,01-10-2025,13,Monday,0
14-10-2025,20251014,2025,Q4,10,Oct,2025-10,01-10-2025,14,Tuesday,0
15-10-2025,20251015,2025,Q4,10,Oct,2025-10,01-10-2025,15,Wednesday,0
16-10-2025,20251016,2025,Q4,10,Oct,2025-10,01-10-2025,16,Thursday,0
17-10-2025,20251017,2025,Q4,10,Oct,2025-10,01-10-2025,17,Friday,0
18-10-2025,20251018,2025,Q4,10,Oct,2025-10,01-10-2025,18,Saturday,1
19-10-2025,20251019,2025,Q4,10,Oct,2025-10,01-10-2025,19,Sunday,1
20-10-2025,20251020,2025,Q4,10,Oct,2025-10,01-10-2025,20,Monday,0
21-10-2025,20251021,2025,Q4,10,Oct,2025-10,01-10-2025,21,Tuesday,0
22-10-2025,20251022,2025,Q4,10,Oct,2025-10,01-10-2025,22,Wednesday,0
23-10-2025,20251023,2025,Q4,10,Oct,2025-10,01-10-2025,23,Thursday,0
24-10-2025,20251024,2025,Q4,10,Oct,2025-10,01-10-2025,24,Friday,0
25-10-2025,20251025,2025,Q4,10,Oct,2025-10,01-10-2025,25,Saturday,1
26-10-2025,20251026,2025,Q4,10,Oct,2025-10,01-10-2025,26,Sunday,1
27-10-2025,20251027,2025,Q4,10,Oct,2025-10,01-10-2025,27,Monday,0
28-10-2025,20251028,2025,Q4,10,Oct,2025-10,01-10-2025,28,Tuesday,0
29-10-2025,20251029,2025,Q4,10,Oct,2025-10,01-10-2025,29,Wednesday,0
30-10-2025,20251030,2025,Q4,10,Oct,2025-10,01-10-2025,30,Thursday,0
31-10-2025,20251031,2025,Q4,10,Oct,2025-10,01-10-2025,31,Friday,0
01-11-2025,20251101,2025,Q4,11,Nov,2025-11,01-11-2025,1,Saturday,1
02-11-2025,20251102,2025,Q4,11,Nov,2025-11,01-11-2025,2,Sunday,1
03-11-2025,20251103,2025,Q4,11,Nov,2025-11,01-11-2025,3,Monday,0
04-11-2025,20251104,2025,Q4,11,Nov,2025-11,01-11-2025,4,Tuesday,0
05-11-2025,20251105,2025,Q4,11,Nov,2025-11,01-11-2025,5,Wednesday,0
06-11-2025,20251106,2025,Q4,11,Nov,2025-11,01-11-2025,6,Thursday,0
07-11-2025,20251107,2025,Q4,11,Nov,2025-11,01-11-2025,7,Friday,0
08-11-2025,20251108,2025,Q4,11,Nov,2025-11,01-11-2025,8,Saturday,1
09-11-2025,20251109,2025,Q4,11,Nov,2025-11,01-11-2025,9,Sunday,1
10-11-2025,20251110,2025,Q4,11,Nov,2025-11,01-11-2025,10,Monday,0
11-11-2025,20251111,2025,Q4,11,Nov,2025-11,01-11-2025,11,Tuesday,0
12-11-2025,20251112,2025,Q4,11,Nov,2025-11,01-11-2025,12,Wednesday,0
13-11-2025,20251113,2025,Q4,11,Nov,2025-11,01-11-2025,13,Thursday,0
14-11-2025,20251114,2025,Q4,11,Nov,2025-11,01-11-2025,14,Friday,0
15-11-2025,20251115,2025,Q4,11,Nov,2025-11,01-11-2025,15,Saturday,1
16-11-2025,20251116,2025,Q4,11,Nov,2025-11,01-11-2025,16,Sunday,1
17-11-2025,20251117,2025,Q4,11,Nov,2025-11,01-11-2025,17,Monday,0
18-11-2025,20251118,2025,Q4,11,Nov,2025-11,01-11-2025,18,Tuesday,0
19-11-2025,20251119,2025,Q4,11,Nov,2025-11,01-11-2025,19,Wednesday,0
20-11-2025,20251120,2025,Q4,11,Nov,2025-11,01-11-2025,20,Thursday,0
21-11-2025,20251121,2025,Q4,11,Nov,2025-11,01-11-2025,21,Friday,0
22-11-2025,20251122,2025,Q4,11,Nov,2025-11,01-11-2025,22,Saturday,1
23-11-2025,20251123,2025,Q4,11,Nov,2025-11,01-11-2025,23,Sunday,1
24-11-2025,20251124,2025,Q4,11,Nov,2025-11,01-11-2025,24,Monday,0
25-11-2025,20251125,2025,Q4,11,Nov,2025-11,01-11-2025,25,Tuesday,0
26-11-2025,20251126,2025,Q4,11,Nov,2025-11,01-11-2025,26,Wednesday,0
27-11-2025,20251127,2025,Q4,11,Nov,2025-11,01-11-2025,27,Thursday,0
28-11-2025,20251128,2025,Q4,11,Nov,2025-11,01-11-2025,28,Friday,0
29-11-2025,20251129,2025,Q4,11,Nov,2025-11,01-11-2025,29,Saturday,1
30-11-2025,20251130,2025,Q4,11,Nov,2025-11,01-11-2025,30,Sunday,1
01-12-2025,20251201,2025,Q4,12,Dec,2025-12,01-12-2025,1,Monday,0
02-12-2025,20251202,2025,Q4,12,Dec,2025-12,01-12-2025,2,Tuesday,0
03-12-2025,20251203,2025,Q4,12,Dec,2025-12,01-12-2025,3,Wednesday,0
04-12-2025,20251204,2025,Q4,12,Dec,2025-12,01-12-2025,4,Thursday,0
05-12-2025,20251205,2025,Q4,12,Dec,2025-12,01-12-2025,5,Friday,0
06-12-2025,20251206,2025,Q4,12,Dec,2025-12,01-12-2025,6,Saturday,1
07-12-2025,20251207,2025,Q4,12,Dec,2025-12,01-12-2025,7,Sunday,1
08-12-2025,20251208,2025,Q4,12,Dec,2025-12,01-12-2025,8,Monday,0
09-12-2025,20251209,2025,Q4,12,Dec,2025-12,01-12-2025,9,Tuesday,0
10-12-2025,20251210,2025,Q4,12,Dec,2025-12,01-12-2025,10,Wednesday,0
11-12-2025,20251211,2025,Q4,12,Dec,2025-12,01-12-2025,11,Thursday,0
12-12-2025,20251212,2025,Q4,12,Dec,2025-12,01-12-2025,12,Friday,0
13-12-2025,20251213,2025,Q4,12,Dec,2025-12,01-12-2025,13,Saturday,1
14-12-2025,20251214,2025,Q4,12,Dec,2025-12,01-12-2025,14,Sunday,1
15-12-2025,20251215,2025,Q4,12,Dec,2025-12,01-12-2025,15,Monday,0
16-12-2025,20251216,2025,Q4,12,Dec,2025-12,01-12-2025,16,Tuesday,0
17-12-2025,20251217,2025,Q4,12,Dec,2025-12,01-12-2025,17,Wednesday,0
18-12-2025,20251218,2025,Q4,12,Dec,2025-12,01-12-2025,18,Thursday,0
19-12-2025,20251219,2025,Q4,12,Dec,2025-12,01-12-2025,19,Friday,0
20-12-2025,20251220,2025,Q4,12,Dec,2025-12,01-12-2025,20,Saturday,1
21-12-2025,20251221,2025,Q4,12,Dec,2025-12,01-12-2025,21,Sunday,1
22-12-2025,20251222,2025,Q4,12,Dec,2025-12,01-12-2025,22,Monday,0
23-12-2025,20251223,2025,Q4,12,Dec,2025-12,01-12-2025,23,Tuesday,0
24-12-2025,20251224,2025,Q4,12,Dec,2025-12,01-12-2025,24,Wednesday,0
25-12-2025,20251225,2025,Q4,12,Dec,2025-12,01-12-2025,25,Thursday,0
26-12-2025,20251226,2025,Q4,12,Dec,2025-12,01-12-2025,26,Friday,0
27-12-2025,20251227,2025,Q4,12,Dec,2025-12,01-12-2025,27,Saturday,1
28-12-2025,20251228,2025,Q4,12,Dec,2025-12,01-12-2025,28,Sunday,1
29-12-2025,20251229,2025,Q4,12,Dec,2025-12,01-12-2025,29,Monday,0
30-12-2025,20251230,2025,Q4,12,Dec,2025-12,01-12-2025,30,Tuesday,0
31-12-2025,20251231,2025,Q4,12,Dec,2025-12,01-12-2025,31,Wednesday,0
